Cluster_Assigné,lien_top,lien_prop_top,religion_top,religion_prop_top,ethnie_top,ethnie_prop_top,nation_top,nation_prop_top,aff30j_top,aff30j_prop_top,durarr_top,durarr_prop_top,educ_scol_top,educ_scol_prop_top,educ_hi_top,educ_hi_prop_top,diplome_top,diplome_prop_top,activ7j_top,activ7j_prop_top,activ12m_top,activ12m_prop_top,branch_top,branch_prop_top,sectins_top,sectins_prop_top,csp_top,csp_prop_top,sectins_sec_top,sectins_sec_prop_top,csp_sec_top,csp_sec_prop_top,serviceconsult_top,serviceconsult_prop_top,persconsult_top,persconsult_prop_top,age_grp_top,age_grp_prop_top,logem_top,logem_prop_top,resid,mal30j,arrmal,con30j,hos12m,couvmal,handit,handig,alfa,alfa2,scol,emploi_sec,telpor,internet,a_assurance,alphabete,elec_ac,elec_ur,elec_ua,tv,fer,frigo,cuisin,ordin,decod,car,Stg_formel,agemar_mean,agemar_std,agemar_min,agemar_max,volhor_mean,volhor_std,volhor_min,volhor_max,salaire_mean,salaire_std,salaire_min,salaire_max,volhor_sec_mean,volhor_sec_std,volhor_sec_min,volhor_sec_max,salaire_sec_mean,salaire_sec_std,salaire_sec_min,salaire_sec_max,superf_mean,superf_std,superf_min,superf_max
0,"Fils, Fille",0.49074074074074076,Chrétien,0.7376543209876543,BAOULE,0.8611111111111112,Cote d'ivoire,0.9876543209876543,Aucun,0.7314814814814815,Aucun,0.845679012345679,Primaire,0.46296296296296297,Primaire,0.5462962962962963,Aucun,0.8888888888888888,Inactif,0.6450617283950617,Non occupe,0.6450617283950617,Non connu,0.8888888888888888,Non connu,0.8888888888888888,Non connu,0.8888888888888888,Non connu,1.0,Non connu,1.0,Pas de consultation,0.8425925925925926,Pas de consultation,0.8425925925925926,0-17,0.9228395061728395,Proprietaire sans titre,0.48148148148148145,0.9814814814814815,0.26851851851851855,0.15432098765432098,0.1574074074074074,0.009259259259259259,0.030864197530864196,0.033950617283950615,0.009259259259259259,0.5277777777777778,0.5216049382716049,0.5401234567901234,0.0,0.08024691358024691,0.012345679012345678,0.030864197530864196,0.5277777777777778,0.654320987654321,0.6790123456790124,0.10493827160493827,0.28703703703703703,0.012345679012345678,0.06790123456790123,0.009259259259259259,0.006172839506172839,0.1697530864197531,0.0,0.0030864197530864196,-0.9351851851851852,1.166666666666667,-1.0,20.0,17.925925925925927,159.23017416938623,0.0,1920.0,925.925925925926,16666.666666666668,0.0,300000.0,0.0,0.0,0.0,0.0,0.0,0.0,0,0,4002500.188807193,18664587.95917012,0.0,180432912.0
1,"Fils, Fille",0.7206349206349206,Chrétien,0.5058201058201058,Inconnue,0.17566137566137566,Cote d'ivoire,0.8243386243386244,Aucun,0.7693121693121693,Aucun,0.8772486772486773,Aucun,0.41164021164021164,Primaire,0.3798941798941799,Aucun,0.7026455026455026,Inactif,0.6687830687830688,Non occupe,0.6835978835978836,Non connu,0.9238095238095239,Non connu,0.9238095238095239,Non connu,0.9238095238095239,Non connu,0.9989417989417989,Non connu,0.9989417989417989,Pas de consultation,0.8328042328042328,Pas de consultation,0.8328042328042328,0-17,0.8158730158730159,Locataire,0.7238095238095238,0.9968253968253968,0.2306878306878307,0.12275132275132275,0.1671957671957672,0.020105820105820106,0.14179894179894179,0.033862433862433865,0.012698412698412698,0.6888888888888889,0.6793650793650794,0.5883597883597883,0.0010582010582010583,0.18518518518518517,0.17671957671957672,0.14179894179894179,0.6888888888888889,0.9354497354497354,0.9386243386243386,0.05925925925925926,0.8476190476190476,0.13333333333333333,0.4708994708994709,0.21164021164021163,0.12698412698412698,0.4888888888888889,0.0962962962962963,0.025396825396825397,-0.9671957671957672,1.0084300753801507,-1.0,30.0,152.04496634920633,615.0531667818227,0.0,3900.0,40639.18692063492,232815.0257348703,0.0,3035295.5,0.5079365079365079,15.614401167176538,0.0,480.0,634.9206349206349,19518.001458970688,0,600000,0.0014814814562520023,0.03218599766311247,0.0,0.699999988079071
2,Chef de ménage,0.9168975069252078,Chrétien,0.6094182825484764,BAOULE,0.3850415512465374,Cote d'ivoire,0.889196675900277,Aucun,0.6481994459833795,Aucun,0.7534626038781164,Aucun,0.9944598337950139,Aucun,0.3878116343490305,Aucun,0.6592797783933518,Occupe,0.9473684210526315,Occupe,0.9473684210526315,Agriculture,0.778393351800554,Entreprise Privée,0.961218836565097,Travailleur pour compte propre,0.7146814404432132,Non connu,0.7700831024930748,Non connu,0.7700831024930748,Pas de consultation,0.7894736842105263,Pas de consultation,0.7894736842105263,35-44,0.3988919667590028,Proprietaire sans titre,0.45429362880886426,1.0,0.3518005540166205,0.24653739612188366,0.21052631578947367,0.030470914127423823,0.055401662049861494,0.22714681440443213,0.04155124653739612,0.6426592797783933,0.6371191135734072,0.00554016620498615,0.2299168975069252,0.9806094182825484,0.27146814404432135,0.055401662049861494,0.6426592797783933,0.4404432132963989,0.5318559556786704,0.31301939058171746,0.3656509695290859,0.019390581717451522,0.060941828254847646,0.0221606648199446,0.013850415512465374,0.20221606648199447,0.00554016620498615,0.07756232686980609,25.23268698060942,6.046223406582182,15.0,54.0,1881.154614570637,882.0717938308327,0.0,3600.0,334126.91540166206,828337.4428929172,0.0,5307600.0,141.7229916897507,326.4576044415133,0.0,1440.0,21814.404432132964,116698.43097461064,0,960000,7718331.48746468,76214796.48762102,0.0,1290846144.0
3,Conjoint ( e ),0.8674948240165632,Musulman,0.6197377501725327,SENOUFO,0.16563146997929606,Cote d'ivoire,0.8647342995169082,Aucun,0.6645962732919255,Aucun,0.7715665976535542,Aucun,0.9910282953761215,Aucun,0.5824706694271912,Aucun,0.7694962042788129,Occupe,0.6066252587991718,Occupe,0.6135265700483091,Commerce,0.35196687370600416,Entreprise Privée,0.6701173222912353,Travailleur pour compte propre,0.48999309868875085,Non connu,0.9192546583850931,Non connu,0.9192546583850931,Pas de consultation,0.7853692201518289,Pas de consultation,0.7853692201518289,35-44,0.3498964803312629,Locataire,0.3940648723257419,0.9986197377501725,0.33540372670807456,0.22843340234644582,0.21463077984817117,0.04899930986887509,0.0945479641131815,0.1621808143547274,0.035196687370600416,0.4720496894409938,0.4658385093167702,0.008971704623878536,0.08074534161490683,0.9475500345065563,0.4030365769496204,0.0945479641131815,0.4720496894409938,0.7950310559006211,0.8640441683919945,0.11594202898550725,0.7474120082815735,0.0800552104899931,0.2636300897170462,0.08074534161490683,0.047619047619047616,0.44306418219461696,0.03036576949620428,0.051759834368530024,21.185645272601793,5.188242486414687,12.0,50.0,1109.7817140027605,1126.695938128034,0.0,3900.0,155094.74648723257,644890.515891629,0.0,9200000.0,46.391304347826086,190.7016072051615,0.0,1560.0,910.9730848861284,24612.99228409175,0,720000,5965138.757555782,100174339.78294837,0.0,2557890112.0
4,"Fils, Fille",0.6881720430107527,Musulman,0.5053763440860215,Inconnue,0.22939068100358423,Cote d'ivoire,0.7706093189964157,Aucun,0.7956989247311828,Aucun,0.8817204301075269,Aucun,0.5017921146953405,Aucun,0.4265232974910394,Aucun,0.8028673835125448,Inactif,0.6774193548387096,Non occupe,0.6774193548387096,Non connu,0.931899641577061,Non connu,0.931899641577061,Non connu,0.931899641577061,Non connu,1.0,Non connu,1.0,Pas de consultation,0.8637992831541219,Pas de consultation,0.8637992831541219,0-17,0.946236559139785,Proprietaire titre,0.4014336917562724,0.992831541218638,0.20430107526881722,0.11827956989247312,0.13620071684587814,0.010752688172043012,0.025089605734767026,0.025089605734767026,0.014336917562724014,0.5125448028673835,0.5089605734767025,0.4982078853046595,0.0,0.08243727598566308,0.025089605734767026,0.025089605734767026,0.5125448028673835,0.6129032258064516,0.7132616487455197,0.23297491039426524,0.6415770609318996,0.035842293906810034,0.17204301075268819,0.017921146953405017,0.017921146953405017,0.24014336917562723,0.0,0.007168458781362007,-0.946236559139785,0.8980265101338744,-1.0,14.0,35.053763440860216,295.9533685898346,0.0,3300.0,2365.5913978494623,30654.65036120451,0.0,480000.0,0.0,0.0,0.0,0.0,0.0,0.0,0,0,592843.3019383,1735837.2433909595,0.0,10118230.5
5,"Fils, Fille",0.7109004739336493,Chrétien,0.6208530805687204,Inconnue,0.3886255924170616,Cote d'ivoire,0.6113744075829384,Aucun,0.7156398104265402,Aucun,0.8104265402843602,Aucun,0.5450236966824644,Aucun,0.43601895734597157,Aucun,0.8909952606635071,Inactif,0.6066350710900474,Non occupe,0.6066350710900474,Non connu,0.9146919431279621,Non connu,0.9146919431279621,Non connu,0.9146919431279621,Non connu,1.0,Non connu,1.0,Pas de consultation,0.7819905213270142,Pas de consultation,0.7819905213270142,0-17,0.9146919431279621,Proprietaire sans titre,0.35545023696682465,0.985781990521327,0.2843601895734597,0.1895734597156398,0.21800947867298578,0.037914691943127965,0.061611374407582936,0.04739336492890995,0.0,0.46919431279620855,0.46445497630331756,0.4549763033175355,0.0,0.09004739336492891,0.04739336492890995,0.061611374407582936,0.46919431279620855,0.5450236966824644,0.46445497630331756,0.41706161137440756,0.44549763033175355,0.04739336492890995,0.11374407582938388,0.02843601895734597,0.014218009478672985,0.25118483412322273,0.0,0.014218009478672985,-0.9146919431279621,1.2391711034787256,-1.0,17.0,134.69742300947868,560.359872338889,0.0,3456.0,25238.338909952607,118095.23470253799,0.0,720000.0,0.0,0.0,0.0,0.0,0.0,0.0,0,0,2153594.1965177385,7938981.85708199,0.0,73846958.0
6,Conjoint ( e ),0.9444693237796686,Musulman,0.5615763546798029,Inconnue,0.28929690998656515,Cote d'ivoire,0.7102552619793999,Aucun,0.7581728616211375,Aucun,0.8262427227944469,Aucun,0.9964173757277206,Aucun,0.8504254366323332,Aucun,0.9511867442901926,TF cherchant pas,0.48410210479175997,Trav. fam.,0.49395432154052843,Agriculture,0.6506941334527542,Entreprise Privée,0.742498880429915,Travailleur Familial contribuant pour une entreprise familial,0.45588893864755936,Non connu,0.9399910434393193,Non connu,0.9399910434393193,Pas de consultation,0.8423645320197044,Pas de consultation,0.8423645320197044,25-34,0.6332288401253918,Proprietaire sans titre,0.528437080161218,0.999552171965965,0.24182713837886252,0.17375727720555306,0.15763546798029557,0.03358710255261979,0.00806090461262875,0.050156739811912224,0.009852216748768473,0.15987460815047022,0.15718763994626064,0.004030452306314375,0.0600089565606807,0.4536497984773847,0.0380653828929691,0.00806090461262875,0.15987460815047022,0.3367666815942678,0.41961486789072994,0.41513658755038063,0.2843708016121809,0.0022391401701746527,0.03493058665472459,0.0013434841021047917,0.0017913121361397223,0.14733542319749215,0.003134796238244514,0.004030452306314375,18.203761755485893,2.943790043693728,10.0,32.0,345.4070756829378,713.6901293924457,0.0,3600.0,19333.47776533811,103878.15190080868,0.0,2080000.0,32.35154500671742,163.07258789711764,0.0,1764.0,448.7236901030004,10439.155913812378,0,372000,22445126.60454226,210970521.6485667,0.0,4640695616.0
7,"Père, Mère",0.4149286498353458,Chrétien,0.47639956092206365,BAOULE,0.2996706915477497,Cote d'ivoire,0.9198682766190999,Aucun,0.5203073545554336,Aucun,0.6377607025246982,Aucun,1.0,Aucun,0.9308452250274424,Aucun,0.9857299670691547,Inactif,0.5697036223929748,Non occupe,0.5686059275521405,Non connu,0.5686059275521405,Non connu,0.5686059275521405,Non connu,0.5686059275521405,Non connu,0.9527991218441273,Non connu,0.9527991218441273,Pas de consultation,0.716794731064764,Pas de consultation,0.716794731064764,65+,0.5960482985729967,Proprietaire sans titre,0.535675082327113,0.986827661909989,0.4796926454445664,0.36223929747530187,0.283205268935236,0.07354555433589462,0.006586169045005488,0.6092206366630076,0.270032930845225,0.07683863885839737,0.07574094401756312,0.0,0.04720087815587267,0.3907793633369923,0.003293084522502744,0.006586169045005488,0.07683863885839737,0.47859495060373214,0.5686059275521405,0.21405049396267836,0.21185510428100987,0.006586169045005488,0.0570801317233809,0.006586169045005488,0.005488474204171241,0.10647639956092206,0.0021953896816684962,0.0,18.713501646542262,7.718268889334849,-1.0,40.0,531.2064086717893,835.985870493116,0.0,3600.0,3267.4812074643246,45441.447484807264,0.0,840000.0,26.605927552140503,146.29469553899582,0.0,1540.0,2414.928649835346,48105.734699268876,0,1300000,184288122.84149638,5348810000.247354,0.0,161412694030.5793
8,Chef de ménage,0.9181222707423581,Musulman,0.3875545851528384,Inconnue,0.2259825327510917,Cote d'ivoire,0.7718340611353712,Aucun,0.6790393013100436,Aucun,0.767467248908297,Aucun,1.0,Aucun,0.7106986899563319,Aucun,0.8842794759825328,Occupe,0.9290393013100436,Occupe,0.9323144104803494,Agriculture,0.8733624454148472,Entreprise Privée,0.9410480349344978,Travailleur pour compte propre,0.8668122270742358,Non connu,0.8755458515283843,Non connu,0.8755458515283843,Pas de consultation,0.8362445414847162,Pas de consultation,0.8362445414847162,45-54,0.509825327510917,Proprietaire sans titre,0.5589519650655022,0.9978165938864629,0.32096069868995636,0.23253275109170304,0.16375545851528384,0.05458515283842795,0.004366812227074236,0.33624454148471616,0.10807860262008734,0.3351528384279476,0.3296943231441048,0.0,0.12445414847161572,0.769650655021834,0.0425764192139738,0.004366812227074236,0.3351528384279476,0.33624454148471616,0.4104803493449782,0.3318777292576419,0.18668122270742357,0.0054585152838427945,0.03165938864628821,0.001091703056768559,0.0,0.10152838427947598,0.002183406113537118,0.0032751091703056767,22.828602620087338,11.435544749956394,-1.0,60.0,1747.2166806113537,876.2795591538083,0.0,3600.0,47994.523231441046,229539.46693136625,0.0,2880000.0,65.9650655021834,217.39311646015378,0.0,1560.0,8788.2096069869,84160.31353610747,0,1440000,14162618.128775105,155975132.64417997,0.0,3265927232.0
9,Chef de ménage,0.9735023041474654,Musulman,0.6866359447004609,Inconnue,0.195852534562212,Cote d'ivoire,0.804147465437788,Aucun,0.7211981566820277,Aucun,0.8145161290322581,Aucun,0.9976958525345622,Aucun,0.5288018433179723,Aucun,0.716589861751152,Occupe,0.9654377880184332,Occupe,0.967741935483871,Agriculture,0.2903225806451613,Entreprise Privée,0.9193548387096774,Travailleur pour compte propre,0.5576036866359447,Non connu,0.8179723502304147,Non connu,0.8179723502304147,Pas de consultation,0.8237327188940092,Pas de consultation,0.8237327188940092,35-44,0.5241935483870968,Locataire,0.3778801843317972,1.0,0.27880184331797236,0.18548387096774194,0.17626728110599077,0.03341013824884793,0.07258064516129033,0.10368663594470046,0.02534562211981567,0.6221198156682027,0.618663594470046,0.002304147465437788,0.18202764976958524,0.9919354838709677,0.597926267281106,0.07258064516129033,0.6221198156682027,0.6762672811059908,0.8052995391705069,0.1543778801843318,0.6578341013824884,0.04723502304147465,0.14861751152073732,0.03456221198156682,0.038018433179723504,0.3629032258064516,0.018433179723502304,0.1716589861751152,25.138248847926267,4.741703145253124,15.0,41.0,1996.7206887096775,974.860174291463,0.0,4500.0,638938.0948156682,1153844.537614329,0.0,8484000.0,103.6647465437788,272.8823792341225,0.0,1680.0,25304.146313364054,185626.96244168532,0,2600000,46051988.01318059,741904375.2956069,0.0,20931702900.84668
10,"Fils, Fille",0.40897435897435896,Chrétien,0.7525641025641026,BAOULE,0.38333333333333336,Cote d'ivoire,0.9346153846153846,Aucun,0.7371794871794872,Aucun,0.8256410256410256,Aucun,0.841025641025641,Aucun,0.367948717948718,Aucun,0.6064102564102564,Occupe,0.43333333333333335,Occupe,0.43846153846153846,Non connu,0.34615384615384615,Entreprise Privée,0.6256410256410256,Non connu,0.34615384615384615,Non connu,0.8846153846153846,Non connu,0.8846153846153846,Pas de consultation,0.8346153846153846,Pas de consultation,0.8346153846153846,25-34,0.33205128205128204,Proprietaire sans titre,0.4256410256410256,0.9871794871794872,0.26282051282051283,0.17435897435897435,0.16538461538461538,0.04230769230769231,0.03333333333333333,0.1141025641025641,0.017948717948717947,0.6384615384615384,0.6307692307692307,0.16025641025641027,0.11538461538461539,0.8987179487179487,0.3076923076923077,0.03333333333333333,0.6384615384615384,0.5307692307692308,0.6333333333333333,0.2358974358974359,0.37435897435897436,0.03461538461538462,0.13205128205128205,0.03205128205128205,0.020512820512820513,0.23846153846153847,0.011538461538461539,0.06538461538461539,4.137179487179488,9.711652926294843,-1.0,37.0,706.4187353589743,989.523267548909,0.0,3600.0,105173.82619230771,472219.7955257265,0.0,4043712.0,69.63974358974359,237.80138574084862,0.0,1680.0,4000.85641025641,72501.00856145828,0,1920000,13449038.233967345,195903217.96786824,0.0,4599663808.0
11,Chef de ménage,0.9622641509433962,Musulman,0.570230607966457,Inconnue,0.18029350104821804,Cote d'ivoire,0.8197064989517819,Aucun,0.5723270440251572,Aucun,0.7023060796645703,Aucun,1.0,Aucun,0.5555555555555556,Aucun,0.6561844863731656,Occupe,0.6750524109014675,Occupe,0.6771488469601677,Agriculture,0.31865828092243187,Entreprise Privée,0.6519916142557652,Travailleur pour compte propre,0.4947589098532495,Non connu,0.9035639412997903,Non connu,0.9035639412997903,Pas de consultation,0.7023060796645703,Pas de consultation,0.7023060796645703,55-64,0.5324947589098532,Proprietaire titre,0.49056603773584906,1.0,0.4276729559748428,0.2976939203354298,0.2976939203354298,0.07547169811320754,0.11320754716981132,0.4716981132075472,0.18867924528301888,0.570230607966457,0.5660377358490566,0.0,0.09643605870020965,0.9685534591194969,0.31027253668763105,0.11320754716981132,0.570230607966457,0.7987421383647799,0.8322851153039832,0.11530398322851153,0.639412997903564,0.09224318658280922,0.2578616352201258,0.06708595387840671,0.0440251572327044,0.36268343815513626,0.041928721174004195,0.06918238993710692,27.31236897274633,9.936823231335048,-1.0,70.0,1275.3612868763103,1154.6227040474766,0.0,3900.0,323979.74660377356,1123541.3379953352,0.0,12000000.0,45.872117400419285,178.10922906247697,0.0,1470.0,16150.943396226416,138480.2653482252,0,2040000,9364931.778421026,133436066.41075489,0.0,2542028160.0
12,"Fils, Fille",0.6616314199395771,Chrétien,0.5015105740181269,Inconnue,0.1661631419939577,Cote d'ivoire,0.8318227593152064,Aucun,0.7734138972809668,Aucun,0.8751258811681772,Aucun,0.4108761329305136,Primaire,0.3756294058408862,Aucun,0.7049345417925479,Inactif,0.6727089627391742,Non occupe,0.6908358509566969,Non connu,0.9214501510574018,Non connu,0.9214501510574018,Non connu,0.9214501510574018,Non connu,0.9969788519637462,Non connu,0.9969788519637462,Pas de consultation,0.8398791540785498,Pas de consultation,0.8398791540785498,0-17,0.8257804632426989,Locataire,0.6827794561933535,0.9949647532729103,0.22658610271903323,0.12487411883182276,0.16012084592145015,0.013091641490433032,0.13695871097683787,0.04833836858006042,0.015105740181268883,0.6545820745216515,0.6424974823766365,0.5891238670694864,0.0030211480362537764,0.18831822759315206,0.14400805639476336,0.13695871097683787,0.6545820745216515,0.9305135951661632,0.9254783484390735,0.07049345417925479,0.8680765357502518,0.15508559919436052,0.5125881168177241,0.19234642497482377,0.1500503524672709,0.5125881168177241,0.09365558912386707,0.016112789526686808,-1.0,0.0,-1.0,-1.0,101.3502932326284,493.417696860147,0.0,3900.0,21758.563192346424,133436.1941942061,0.0,1560000.0,1.4400805639476335,35.74721798324856,0.0,1080.0,0.0,0.0,0,0,0.0014098690595751684,0.03139925887075471,0.0,0.699999988079071
13,Chef de ménage,0.9626972740315638,Musulman,0.4218077474892396,BAOULE,0.20946915351506457,Cote d'ivoire,0.8177905308464849,Aucun,0.5652797704447633,Aucun,0.6599713055954088,Aucun,1.0,Aucun,0.6255380200860832,Aucun,0.7862266857962698,Occupe,0.836441893830703,Occupe,0.8393113342898135,Agriculture,0.7718794835007173,Entreprise Privée,0.836441893830703,Travailleur pour compte propre,0.7948350071736011,Non connu,0.8852223816355811,Non connu,0.8852223816355811,Pas de consultation,0.6901004304160688,Pas de consultation,0.6901004304160688,55-64,0.5236728837876614,Proprietaire sans titre,0.593974175035868,1.0,0.4347202295552367,0.3400286944045911,0.3098995695839311,0.08034433285509325,0.047345767575322814,0.5222381635581061,0.18794835007173602,0.4246771879483501,0.42037302725968434,0.0,0.11477761836441894,0.9612625538020086,0.09899569583931134,0.047345767575322814,0.4246771879483501,0.4921090387374462,0.5868005738880918,0.2582496413199426,0.3586800573888092,0.027259684361549498,0.07747489239598278,0.00860832137733142,0.0014347202295552368,0.20516499282639886,0.01291248206599713,0.007173601147776184,26.294117647058822,9.094072994212787,-1.0,66.0,1419.0762208034432,949.3410572519579,0.0,3600.0,47751.498163558106,326811.8175213277,0.0,4620000.0,65.94978479196557,223.86778747268082,0.0,1584.0,8378.766140602582,88628.34065278561,0,1300000,3395449.3030205937,54168862.89381141,0.0,1275681669.22
14,"Fils, Fille",0.37994143484626647,Musulman,0.4882869692532943,BAOULE,0.1903367496339678,Cote d'ivoire,0.8594436310395315,Aucun,0.7994143484626647,Aucun,0.8653001464128843,Aucun,0.5710102489019033,Second. gl 1,0.29502196193265007,Aucun,0.31551976573938506,Occupe,0.4546120058565154,Non occupe,0.4685212298682284,Non connu,0.4685212298682284,Entreprise Privée,0.5065885797950219,Non connu,0.4685212298682284,Non connu,0.9560761346998536,Non connu,0.9560761346998536,Pas de consultation,0.8923865300146413,Pas de consultation,0.8923865300146413,18-24,0.4816983894582723,Locataire,0.4172767203513909,0.9875549048316252,0.2005856515373353,0.13469985358711567,0.10761346998535871,0.021961932650073207,0.04172767203513909,0.06954612005856516,0.014641288433382138,0.849194729136164,0.8469985358711567,0.4289897510980966,0.043923865300146414,0.9209370424597365,0.6273792093704246,0.04172767203513909,0.849194729136164,0.7759882869692533,0.8572474377745242,0.1054172767203514,0.6171303074670571,0.07101024890190337,0.19546120058565153,0.048316251830161056,0.057833089311859445,0.37481698389458273,0.024158125915080528,0.1398243045387994,-1.0,0.0,-1.0,-1.0,917.6866438587116,1217.0157477491286,0.0,4500.0,359602.1733455344,853896.634150176,0.0,16200000.0,16.732796486090777,108.04112454955373,0.0,1560.0,8509.516105417277,91657.35172639099,0,1800000,562186.8648659277,17389090.75864642,0.0,642076352.0
15,Conjoint ( e ),0.912043301759134,Chrétien,0.4783491204330176,BAOULE,0.2050067658998647,Cote d'ivoire,0.8179972936400541,Aucun,0.6786197564276049,Aucun,0.7598105548037889,Aucun,0.9986468200270636,Aucun,0.6840324763193505,Aucun,0.8897158322056834,Occupe,0.4330175913396482,Occupe,0.4370771312584574,Agriculture,0.5392422192151556,Entreprise Privée,0.7956698240866035,Travailleur pour compte propre,0.38497970230040596,Non connu,0.8700947225981055,Non connu,0.8700947225981055,Pas de consultation,0.7861975642760487,Pas de consultation,0.7861975642760487,35-44,0.37889039242219213,Proprietaire sans titre,0.479702300405954,0.9986468200270636,0.32138024357239514,0.2401894451962111,0.21380243572395127,0.05074424898511502,0.039918809201623814,0.13870094722598106,0.036535859269282815,0.32408660351826796,0.3200270635994587,0.0013531799729364006,0.12990527740189445,0.8883626522327469,0.15087956698240865,0.039918809201623814,0.32408660351826796,0.5020297699594046,0.6001353179972937,0.2922868741542625,0.45331529093369416,0.02706359945872801,0.10757780784844384,0.023004059539918808,0.01962110960757781,0.2882273342354533,0.010148849797023005,0.01962110960757781,20.540595399188092,4.769505386911845,12.0,48.0,667.0814621718539,927.0391970974807,0.0,3600.0,53421.534519621106,328942.01909355866,0.0,4620000.0,77.75507442489851,246.17132341494022,0.0,1728.0,848.3552097428958,19049.14129110762,0,509869,227856377.44660237,5937223242.589107,0.0,161412694030.5793
16,"Fils, Fille",0.9212007504690432,Musulman,0.9718574108818011,MALINKE OU MANINKA,0.6078799249530957,Cote d'ivoire,0.9230769230769231,Aucun,0.7842401500938087,Aucun,0.849906191369606,Aucun,0.7598499061913696,Aucun,0.7223264540337712,Aucun,0.9643527204502814,Inactif,0.5272045028142589,Non occupe,0.525328330206379,Non connu,0.8649155722326454,Non connu,0.8649155722326454,Non connu,0.8649155722326454,Non connu,0.99812382739212,Non connu,0.99812382739212,Pas de consultation,0.8348968105065666,Pas de consultation,0.8348968105065666,0-17,0.9324577861163227,Proprietaire sans titre,0.7073170731707317,0.9887429643527205,0.21575984990619138,0.150093808630394,0.1651031894934334,0.013133208255159476,0.01125703564727955,0.0225140712945591,0.009380863039399626,0.23452157598499063,0.22326454033771106,0.2401500938086304,0.001876172607879925,0.0450281425891182,0.013133208255159476,0.01125703564727955,0.23452157598499063,0.7279549718574109,0.7861163227016885,0.1575984990619137,0.47654784240150094,0.00375234521575985,0.07317073170731707,0.0,0.0,0.21200750469043153,0.0,0.0075046904315197,-1.0,0.0,-1.0,-1.0,26.452157598499063,233.37228652215032,0.0,2750.0,3264.5403377110692,47925.3747090278,0.0,900000.0,1.801125703564728,41.58221585512414,0.0,960.0,0.0,0.0,0,0,169350.64833472169,1317714.934112808,0.0,11767842.22700024
17,"Fils, Fille",0.4094488188976378,Chrétien,0.6692913385826772,BAOULE,0.19291338582677164,Cote d'ivoire,0.9114173228346457,Aucun,0.7736220472440944,Aucun,0.8661417322834646,Aucun,0.702755905511811,Second. gl 2,0.19488188976377951,Aucun,0.3051181102362205,Inactif,0.4507874015748031,Non occupe,0.5019685039370079,Non connu,0.5019685039370079,Non connu,0.5019685039370079,Non connu,0.5019685039370079,Non connu,0.9822834645669292,Non connu,0.9822834645669292,Pas de consultation,0.860236220472441,Pas de consultation,0.860236220472441,18-24,0.3720472440944882,Locataire,0.5866141732283464,0.9881889763779528,0.2263779527559055,0.13385826771653545,0.13976377952755906,0.021653543307086614,0.1062992125984252,0.14566929133858267,0.015748031496062992,0.8759842519685039,0.8720472440944882,0.297244094488189,0.017716535433070866,0.9251968503937008,0.7381889763779528,0.1062992125984252,0.8759842519685039,0.9547244094488189,0.9212598425196851,0.07677165354330709,0.8523622047244095,0.2283464566929134,0.5610236220472441,0.2736220472440945,0.2047244094488189,0.5059055118110236,0.12401574803149606,0.1437007874015748,0.7716535433070866,6.222614450031028,-1.0,30.0,869.9486676437008,1152.0133872486479,0.0,4200.0,486313.7364173228,1475787.9132314106,0.0,15000012.0,6.433070866141732,53.3793820757403,0.0,624.0,2988.9763779527557,44159.90529022954,0,842400,0.0015748031290732031,0.031364125448224034,0.0,0.699999988079071
18,"Fils, Fille",0.7442622950819672,Chrétien,0.5049180327868853,Inconnue,0.3983606557377049,Cote d'ivoire,0.601639344262295,Aucun,0.740983606557377,Aucun,0.8622950819672132,Aucun,0.5606557377049181,Primaire,0.4540983606557377,Aucun,0.9131147540983606,Inactif,0.5950819672131148,Non occupe,0.5934426229508196,Non connu,0.8721311475409836,Non connu,0.8721311475409836,Non connu,0.8721311475409836,Non connu,0.9934426229508196,Non connu,0.9934426229508196,Pas de consultation,0.8032786885245902,Pas de consultation,0.8032786885245902,0-17,0.8885245901639345,Proprietaire sans titre,0.4639344262295082,0.9868852459016394,0.25901639344262295,0.1377049180327869,0.19672131147540983,0.009836065573770493,0.004918032786885246,0.027868852459016394,0.011475409836065573,0.44754098360655736,0.4245901639344262,0.43934426229508194,0.006557377049180328,0.10819672131147541,0.036065573770491806,0.004918032786885246,0.44754098360655736,0.3262295081967213,0.42950819672131146,0.4540983606557377,0.33114754098360655,0.003278688524590164,0.018032786885245903,0.022950819672131147,0.011475409836065573,0.23934426229508196,0.004918032786885246,0.003278688524590164,-0.9655737704918033,0.850265146687862,-1.0,20.0,121.56393442622951,507.01569951136344,0.0,3600.0,31683.50478688525,188469.3798367885,0.0,3120000.0,2.3475409836065575,37.858571863788534,0.0,840.0,0.0,0.0,0,0,1241563.3907645715,4489360.582481463,0.0,51457941.0
19,"Fils, Fille",0.7836676217765043,Chrétien,0.4670487106017192,Inconnue,0.33810888252148996,Cote d'ivoire,0.660458452722063,Aucun,0.7736389684813754,Aucun,0.8724928366762178,Aucun,0.5358166189111748,Primaire,0.4684813753581662,Aucun,0.8796561604584527,Inactif,0.5816618911174785,Non occupe,0.5816618911174785,Non connu,0.8223495702005731,Non connu,0.8223495702005731,Non connu,0.8223495702005731,Non connu,0.9885386819484241,Non connu,0.9885386819484241,Pas de consultation,0.8739255014326648,Pas de consultation,0.8739255014326648,0-17,0.9126074498567335,Proprietaire sans titre,0.6260744985673352,0.9899713467048711,0.22636103151862463,0.12750716332378223,0.12607449856733524,0.0071633237822349575,0.0014326647564469914,0.02005730659025788,0.004297994269340974,0.5085959885386819,0.498567335243553,0.46418338108882523,0.011461318051575931,0.10744985673352435,0.03008595988538682,0.0014326647564469914,0.5085959885386819,0.2020057306590258,0.29656160458452724,0.501432664756447,0.2679083094555874,0.012893982808022923,0.027220630372492838,0.0028653295128939827,0.01002865329512894,0.14326647564469913,0.0071633237822349575,0.0028653295128939827,-0.9183381088825215,1.2518825263152313,-1.0,20.0,38.36527063037249,279.1576958637511,0.0,3600.0,7382.900616045845,126262.95770831982,0.0,3081324.0,6.126074498567335,75.18292284351743,0.0,1536.0,387.3925501432665,10234.790938692367,0,270400,3842559.453217783,9556925.723306244,0.0,52402182.25999999
20,"Fils, Fille",0.8127572016460906,Chrétien,0.47530864197530864,Inconnue,0.38271604938271603,Cote d'ivoire,0.6172839506172839,Aucun,0.8497942386831275,Aucun,0.9135802469135802,Aucun,0.5925925925925926,Aucun,0.4609053497942387,Aucun,0.8827160493827161,Inactif,0.6049382716049383,Non occupe,0.6131687242798354,Non connu,0.8497942386831275,Non connu,0.8497942386831275,Non connu,0.8497942386831275,Non connu,0.9958847736625515,Non connu,0.9958847736625515,Pas de consultation,0.8950617283950617,Pas de consultation,0.8950617283950617,0-17,0.8806584362139918,Proprietaire sans titre,0.5925925925925926,1.0,0.15020576131687244,0.08641975308641975,0.10493827160493827,0.0102880658436214,0.018518518518518517,0.026748971193415638,0.0102880658436214,0.4609053497942387,0.4567901234567901,0.411522633744856,0.00411522633744856,0.13786008230452676,0.0205761316872428,0.018518518518518517,0.4609053497942387,0.14609053497942387,0.17078189300411523,0.668724279835391,0.3065843621399177,0.00823045267489712,0.01440329218106996,0.00823045267489712,0.00823045267489712,0.1728395061728395,0.0,0.00411522633744856,-1.0,0.0,-1.0,-1.0,95.67361187242798,446.1967943696433,0.0,3600.0,22002.240576131688,122590.89715746701,0.0,1271255.1,1.9670781893004115,31.081385460868226,0.0,560.0,1292.1810699588477,28486.658490145117,0,628000,1896453.0085204619,5432222.221479617,0.0,39970316.18214005
21,"Fils, Fille",0.4925373134328358,Chrétien,0.45829675153643545,BAOULE,0.2660228270412643,Cote d'ivoire,0.7989464442493416,Aucun,0.7576821773485514,Aucun,0.8305531167690957,Aucun,0.8419666374012291,Aucun,0.33274802458296754,Aucun,0.5671641791044776,Occupe,0.504828797190518,Occupe,0.5074626865671642,Agriculture,0.5671641791044776,Entreprise Privée,0.7989464442493416,Travailleur Familial contribuant pour une entreprise familial,0.2897278314310799,Non connu,0.8999122036874452,Non connu,0.8999122036874452,Pas de consultation,0.874451273046532,Pas de consultation,0.874451273046532,18-24,0.398595258999122,Proprietaire sans titre,0.4811237928007024,0.9850746268656716,0.24231782265144863,0.1694468832309043,0.12554872695346794,0.024582967515364356,0.02370500438981563,0.09833187006145742,0.025460930640913083,0.6874451273046532,0.6777875329236172,0.15715539947322213,0.10008779631255488,0.9218612818261633,0.3301141352063213,0.02370500438981563,0.6874451273046532,0.48024582967515367,0.5794556628621598,0.2712906057945566,0.3784021071115013,0.021071115013169446,0.07989464442493416,0.010535557506584723,0.015803336259877086,0.228270412642669,0.007901668129938543,0.06233538191395961,-0.8621597892888498,1.642300854736365,-1.0,20.0,954.0146026075505,1141.708653339177,0.0,3900.0,229489.827190518,603057.0169802902,0.0,5820094.5,50.21597892888499,200.1392328825751,0.0,1680.0,23229.09657594381,161624.97481324128,0,2580000,48824824.64843796,1391399401.2557917,0.0,46792651776.0
22,Conjoint ( e ),0.8687707641196013,Chrétien,0.5182724252491694,Inconnue,0.1877076411960133,Cote d'ivoire,0.8122923588039868,Aucun,0.6744186046511628,Aucun,0.8056478405315615,Aucun,0.9983388704318937,Aucun,0.4169435215946844,Aucun,0.659468438538206,Occupe,0.6495016611295681,Occupe,0.6528239202657807,Commerce,0.34551495016611294,Entreprise Privée,0.6046511627906976,Travailleur pour compte propre,0.446843853820598,Non connu,0.9518272425249169,Non connu,0.9518272425249169,Pas de consultation,0.7857142857142857,Pas de consultation,0.7857142857142857,35-44,0.3687707641196013,Locataire,0.7242524916943521,0.9983388704318937,0.32558139534883723,0.19435215946843853,0.21428571428571427,0.03986710963455149,0.20764119601328904,0.21096345514950166,0.04817275747508306,0.6428571428571429,0.6395348837209303,0.0016611295681063123,0.04817275747508306,0.9136212624584718,0.584717607973422,0.20764119601328904,0.6428571428571429,0.9385382059800664,0.9302325581395349,0.0681063122923588,0.8986710963455149,0.18106312292358803,0.5382059800664452,0.23421926910299004,0.1511627906976744,0.5249169435215947,0.12624584717607973,0.11960132890365449,22.96843853820598,6.817858551504963,-1.0,49.0,1221.6461239534883,1161.0859790816303,0.0,3600.0,492190.0247009967,1763082.0108856938,0.0,18000012.0,32.320598006644516,174.89875904205394,0.0,1560.0,0.0,0.0,0,0,0.001162790677872211,0.02852986962201199,0.0,0.699999988079071
23,Chef de ménage,0.6134301270417423,Chrétien,0.49727767695099817,BAOULE,0.19056261343012704,Cote d'ivoire,0.9092558983666061,Aucun,0.515426497277677,Aucun,0.6497277676950998,Aucun,1.0,Aucun,0.6279491833030852,Aucun,0.7912885662431942,Occupe,0.5626134301270418,Occupe,0.5680580762250453,Non connu,0.3992740471869328,Entreprise Privée,0.5862068965517241,Travailleur pour compte propre,0.5117967332123412,Non connu,0.9328493647912885,Non connu,0.9328493647912885,Pas de consultation,0.6805807622504537,Pas de consultation,0.6805807622504537,55-64,0.4500907441016334,Proprietaire titre,0.397459165154265,0.9963702359346642,0.484573502722323,0.3502722323049002,0.3194192377495463,0.06170598911070781,0.06170598911070781,0.5045372050816697,0.17967332123411978,0.4047186932849365,0.397459165154265,0.0,0.06715063520871144,0.9437386569872959,0.24682395644283123,0.06170598911070781,0.4047186932849365,0.8457350272232305,0.9001814882032668,0.07259528130671507,0.5952813067150635,0.05807622504537205,0.29038112522686027,0.08166969147005444,0.029038112522686024,0.35390199637023595,0.029038112522686024,0.018148820326678767,19.288566243194193,9.524811424268547,-1.0,51.0,1075.8824305807623,1159.9605076462865,0.0,3600.0,64793.42504537206,451060.51868787734,0.0,7104764.0,44.51361161524501,204.32211488864542,0.0,1560.0,653.3575317604356,15336.51562232298,0,360000,11579474.79242383,148279174.88239205,0.0,2568301568.0
24,Conjoint ( e ),0.9564089257913856,Musulman,0.5111572392319668,Inconnue,0.23715620134924753,Cote d'ivoire,0.7628437986507525,Aucun,0.7187337830825117,Aucun,0.7944992215879606,Aucun,1.0,Aucun,0.8842760768033212,Aucun,0.9771665801764401,TF cherchant pas,0.4820965230928905,Trav. fam.,0.48884276076803324,Agriculture,0.6844836533471718,Entreprise Privée,0.8168137000518941,Travailleur Familial contribuant pour une entreprise familial,0.44525168655941877,Non connu,0.9133367929423976,Non connu,0.9133367929423976,Pas de consultation,0.809548521017125,Pas de consultation,0.809548521017125,35-44,0.6901920083030617,Proprietaire sans titre,0.5879605604566684,1.0,0.2812662169174883,0.20550077841203945,0.19045147898287493,0.0425531914893617,0.010378827192527244,0.13388687078360145,0.0316554229372081,0.12350804359107422,0.12298910223144785,0.0,0.08666320705760248,0.5324338349766476,0.023871302542812663,0.010378827192527244,0.12350804359107422,0.3720809548521017,0.4353918007265179,0.3829787234042553,0.30150492994291644,0.007265179034769071,0.0508562532433835,0.00467047223663726,0.0010378827192527244,0.16554229372080956,0.002594706798131811,0.0010378827192527244,20.66632070576025,4.773936476072143,12.0,48.0,489.0235869247535,824.4475224419543,0.0,3600.0,20240.181852620655,131834.84600458195,0.0,2600000.0,43.88323819408407,179.06664487459008,0.0,1680.0,1973.0150492994292,44876.79335605889,0,1560000,48970855.432077244,1091035794.8865404,0.0,46792651776.0
25,"Fils, Fille",0.747008547008547,Chrétien,0.5470085470085471,Inconnue,0.3247863247863248,Cote d'ivoire,0.6752136752136753,Aucun,0.747008547008547,Aucun,0.8717948717948718,Aucun,0.5863247863247864,Aucun,0.4735042735042735,Aucun,0.9230769230769231,Inactif,0.6170940170940171,Non occupe,0.6170940170940171,Non connu,0.8923076923076924,Non connu,0.8923076923076924,Non connu,0.8923076923076924,Non connu,0.9982905982905983,Non connu,0.9982905982905983,Pas de consultation,0.8666666666666667,Pas de consultation,0.8666666666666667,0-17,0.9487179487179487,Proprietaire sans titre,0.6307692307692307,0.9948717948717949,0.252991452991453,0.1282051282051282,0.13333333333333333,0.010256410256410256,0.006837606837606838,0.023931623931623933,0.005128205128205128,0.4393162393162393,0.4341880341880342,0.41367521367521365,0.0017094017094017094,0.06495726495726496,0.006837606837606838,0.006837606837606838,0.4393162393162393,0.18461538461538463,0.2717948717948718,0.5282051282051282,0.24615384615384617,0.013675213675213675,0.041025641025641026,0.008547008547008548,0.010256410256410256,0.15213675213675212,0.005128205128205128,0.003418803418803419,-0.7760683760683761,1.906039858062309,-1.0,17.0,18.39316239316239,194.7622785824978,0.0,2400.0,2652.059829059829,45318.35178616458,0.0,775728.0,1.5384615384615385,37.210420376762514,0.0,900.0,0.0,0.0,0,0,3037563.535692499,8442236.872927822,0.0,52402182.25999999
26,"Fils, Fille",0.8341968911917098,Musulman,0.6295336787564767,SENOUFO,0.3393782383419689,Cote d'ivoire,0.9455958549222798,Aucun,0.7953367875647669,Aucun,0.8393782383419689,Aucun,0.6528497409326425,Aucun,0.5984455958549223,Aucun,0.9533678756476683,Inactif,0.5077720207253886,Non occupe,0.5077720207253886,Non connu,0.8316062176165803,Non connu,0.8316062176165803,Non connu,0.8316062176165803,Non connu,1.0,Non connu,1.0,Pas de consultation,0.8523316062176166,Pas de consultation,0.8523316062176166,0-17,0.9740932642487047,Proprietaire sans titre,0.5621761658031088,0.9896373056994818,0.20466321243523317,0.16062176165803108,0.14766839378238342,0.023316062176165803,0.0051813471502590676,0.023316062176165803,0.010362694300518135,0.26424870466321243,0.2616580310880829,0.3471502590673575,0.0,0.03626943005181347,0.0051813471502590676,0.0051813471502590676,0.26424870466321243,0.3160621761658031,0.48186528497409326,0.31865284974093266,0.2823834196891192,0.02849740932642487,0.09326424870466321,0.010362694300518135,0.015544041450777202,0.17357512953367876,0.010362694300518135,0.0,-0.9119170984455959,1.2305686377972835,-1.0,18.0,9.637305699481866,139.26102952703485,0.0,2400.0,0.0,0.0,0.0,0.0,0.0,0.0,0.0,0.0,0.0,0.0,0,0,3208205.2068068846,7613727.100591357,0.0,44038007.1
27,"Fils, Fille",0.9040590405904059,Musulman,0.6826568265682657,SENOUFO,0.6642066420664207,Cote d'ivoire,0.940959409594096,Aucun,0.8007380073800738,Aucun,0.8892988929889298,Aucun,0.7453874538745388,Aucun,0.7195571955719557,Aucun,0.9520295202952029,Inactif,0.6014760147601476,Non occupe,0.6051660516605166,Non connu,0.933579335793358,Non connu,0.933579335793358,Non connu,0.933579335793358,Non connu,0.985239852398524,Non connu,0.985239852398524,Pas de consultation,0.9003690036900369,Pas de consultation,0.9003690036900369,0-17,0.985239852398524,Proprietaire titre,0.3763837638376384,1.0,0.1992619926199262,0.11070110701107011,0.0996309963099631,0.014760147601476014,0.01107011070110701,0.01845018450184502,0.007380073800738007,0.23985239852398524,0.23985239852398524,0.25461254612546125,0.014760147601476014,0.014760147601476014,0.007380073800738007,0.01107011070110701,0.23985239852398524,0.6494464944649446,0.7527675276752768,0.17712177121771217,0.30996309963099633,0.0,0.05166051660516605,0.0,0.01107011070110701,0.19557195571955718,0.01107011070110701,0.0,-0.9372693726937269,1.0326764566923377,-1.0,16.0,10.40590405904059,100.72065054642201,0.0,1200.0,0.0,0.0,0.0,0.0,6.863468634686347,59.436674933775265,0.0,600.0,4844.280442804428,40931.78917801729,0,420000,3511966635.7677045,21712476690.161057,0.0,161412694030.5793
28,"Fils, Fille",0.7738095238095238,Chrétien,0.5476190476190477,Inconnue,0.35119047619047616,Cote d'ivoire,0.6488095238095238,Aucun,0.8154761904761905,Aucun,0.8958333333333334,Aucun,0.5625,Aucun,0.4880952380952381,Aucun,0.9166666666666666,Inactif,0.6815476190476191,Non occupe,0.6815476190476191,Non connu,0.9613095238095238,Non connu,0.9613095238095238,Non connu,0.9613095238095238,Non connu,1.0,Non connu,1.0,Pas de consultation,0.875,Pas de consultation,0.875,0-17,0.9255952380952381,Proprietaire sans titre,0.5863095238095238,0.9910714285714286,0.18452380952380953,0.10416666666666667,0.125,0.017857142857142856,0.008928571428571428,0.03571428571428571,0.008928571428571428,0.4583333333333333,0.41369047619047616,0.4375,0.0,0.041666666666666664,0.002976190476190476,0.008928571428571428,0.4583333333333333,0.38392857142857145,0.49107142857142855,0.3869047619047619,0.44345238095238093,0.017857142857142856,0.047619047619047616,0.008928571428571428,0.002976190476190476,0.25892857142857145,0.0,0.002976190476190476,-1.0,0.0,-1.0,-1.0,43.11309523809524,306.70623653505214,0.0,3600.0,6796.693273809524,64521.99771251319,0.0,832000.0,0.0,0.0,0.0,0.0,0.0,0.0,0,0,1841442.9797232952,5208589.835160251,0.0,31446611.0
29,Chef de ménage,0.5179282868525896,Chrétien,0.4860557768924303,BAOULE,0.3466135458167331,Cote d'ivoire,0.8286852589641435,Aucun,0.7250996015936255,Aucun,0.8406374501992032,Aucun,0.9960159362549801,Aucun,0.450199203187251,Aucun,0.649402390438247,Occupe,0.8207171314741036,Occupe,0.8326693227091634,Commerce,0.28286852589641437,Entreprise Privée,0.7848605577689243,Travailleur pour compte propre,0.4581673306772908,Non connu,0.9681274900398407,Non connu,0.9681274900398407,Pas de consultation,0.8087649402390438,Pas de consultation,0.8087649402390438,35-44,0.36254980079681276,Locataire,0.7290836653386454,1.0,0.2749003984063745,0.1593625498007968,0.19123505976095617,0.01593625498007968,0.07171314741035857,0.22310756972111553,0.0398406374501992,0.6135458167330677,0.6135458167330677,0.00398406374501992,0.03187250996015936,0.9800796812749004,0.601593625498008,0.07171314741035857,0.6135458167330677,0.8685258964143426,0.9601593625498008,0.03187250996015936,0.8087649402390438,0.11553784860557768,0.33067729083665337,0.09163346613545817,0.11553784860557768,0.5179282868525896,0.01593625498007968,0.20318725099601595,18.764940239043824,12.05074793929466,-1.0,50.0,1547.7443315139442,1112.4529733686416,0.0,3600.0,609693.2175697212,1210138.5416721334,0.0,6420000.0,21.378486055776893,138.49209427002975,0.0,1584.0,11139.442231075696,176481.95510614576,0,2796000,0.06150859287119956,0.34088026955455925,0.0,2.865000009536743
30,"Fils, Fille",0.6545454545454545,Chrétien,0.4818181818181818,Inconnue,0.18636363636363637,Cote d'ivoire,0.8136363636363636,Aucun,0.7045454545454546,Aucun,0.8272727272727273,Aucun,0.5,Primaire,0.35909090909090907,Aucun,0.7272727272727273,Inactif,0.5636363636363636,Non occupe,0.5863636363636363,Non connu,0.8590909090909091,Non connu,0.8590909090909091,Non connu,0.8590909090909091,Non connu,0.990909090909091,Non connu,0.990909090909091,Pas de consultation,0.7954545454545454,Pas de consultation,0.7954545454545454,0-17,0.7818181818181819,Locataire,0.4,0.9954545454545455,0.29545454545454547,0.17272727272727273,0.20454545454545456,0.013636363636363636,0.03636363636363636,0.031818181818181815,0.004545454545454545,0.65,0.65,0.5,0.00909090909090909,0.20454545454545456,0.1590909090909091,0.03636363636363636,0.65,0.9409090909090909,0.9772727272727273,0.022727272727272728,0.7227272727272728,0.08636363636363636,0.2681818181818182,0.07272727272727272,0.06363636363636363,0.33636363636363636,0.0,0.013636363636363636,-0.9,1.4832396974191326,-1.0,21.0,234.4988168181818,708.2439874020021,0.0,3000.0,72746.41704545454,269400.9844824838,0.0,1800000.0,1.6363636363636365,18.057608104640327,0.0,240.0,0.0,0.0,0,0,31527.473842046275,274347.8537498826,0.0,2844643.0
31,Chef de ménage,0.9269612263300271,Musulman,0.4238052299368801,Inconnue,0.23985572587917042,Cote d'ivoire,0.7601442741208295,Aucun,0.7520288548241659,Aucun,0.8160504959422904,Aucun,0.9990982867448152,Aucun,0.7141568981064021,Aucun,0.8917944093778178,Occupe,0.933273219116321,Occupe,0.9350766456266907,Agriculture,0.842200180342651,Entreprise Privée,0.9792605951307484,Travailleur pour compte propre,0.8034265103697025,Non connu,0.7826871055004508,Non connu,0.7826871055004508,Pas de consultation,0.8584310189359784,Pas de consultation,0.8584310189359784,35-44,0.5347159603246168,Proprietaire sans titre,0.5365193868349865,1.0,0.24797114517583407,0.18394950405770966,0.14156898106402163,0.05229936880072137,0.005410279531109108,0.12082957619477007,0.030658250676284943,0.30928764652840396,0.3056807935076646,0.0009017132551848512,0.21731289449954913,0.8764652840396754,0.13525698827772767,0.005410279531109108,0.30928764652840396,0.2993688007213706,0.37240757439134353,0.3678990081154193,0.2073940486925158,0.004508566275924256,0.0369702434625789,0.0036068530207394047,0.0018034265103697023,0.09918845807033363,0.004508566275924256,0.014427412082957619,23.39224526600541,6.149049213969517,-1.0,44.0,1826.1247786564472,908.9941958571479,0.0,4500.0,107921.6454553652,361212.0823647963,0.0,4200000.0,112.24256086564472,277.7151355729248,0.0,1536.0,18677.291253381423,162386.35213110337,0,3744000,12626455.370094087,157107412.3868777,0.0,3300083662.95216
32,"Fils, Fille",0.7683982683982684,Chrétien,0.5303030303030303,Inconnue,0.36796536796536794,Cote d'ivoire,0.6320346320346321,Aucun,0.8116883116883117,Aucun,0.8809523809523809,Aucun,0.6212121212121212,Aucun,0.4805194805194805,Aucun,0.8961038961038961,Inactif,0.6147186147186147,Non occupe,0.6233766233766234,Non connu,0.8701298701298701,Non connu,0.8701298701298701,Non connu,0.8701298701298701,Non connu,0.9891774891774892,Non connu,0.9891774891774892,Pas de consultation,0.8831168831168831,Pas de consultation,0.8831168831168831,0-17,0.8614718614718615,Proprietaire sans titre,0.564935064935065,0.9956709956709957,0.18831168831168832,0.11904761904761904,0.11688311688311688,0.012987012987012988,0.006493506493506494,0.03896103896103896,0.006493506493506494,0.4675324675324675,0.44155844155844154,0.3787878787878788,0.010822510822510822,0.11471861471861472,0.02813852813852814,0.006493506493506494,0.4675324675324675,0.4523809523809524,0.5692640692640693,0.329004329004329,0.44805194805194803,0.012987012987012988,0.049783549783549784,0.004329004329004329,0.0021645021645021645,0.2683982683982684,0.0021645021645021645,0.015151515151515152,-0.816017316017316,1.986593609396975,-1.0,23.0,130.57486807359308,548.4982190987297,0.0,3300.0,20591.230800865804,109065.49957871373,0.0,759704.38,4.816017316017316,52.38712401355745,0.0,825.0,4025.974025974026,50216.70367741117,0,720000,1620046.5115356613,4941802.73755047,0.0,31446611.0
33,Chef de ménage,0.41959798994974873,Musulman,0.4849246231155779,SENOUFO,0.14321608040201006,Cote d'ivoire,0.8567839195979899,Aucun,0.5301507537688442,Aucun,0.6909547738693468,Aucun,1.0,Aucun,0.8894472361809045,Aucun,0.9698492462311558,Inactif,0.6733668341708543,Non occupe,0.6708542713567839,Non connu,0.6708542713567839,Non connu,0.6708542713567839,Non connu,0.6708542713567839,Non connu,0.964824120603015,Non connu,0.964824120603015,Pas de consultation,0.7211055276381909,Pas de consultation,0.7211055276381909,65+,0.5778894472361809,Proprietaire titre,0.3542713567839196,1.0,0.46984924623115576,0.30904522613065327,0.27889447236180903,0.05527638190954774,0.01256281407035176,0.6155778894472361,0.3065326633165829,0.13316582914572864,0.12814070351758794,0.0,0.035175879396984924,0.5577889447236181,0.04271356783919598,0.01256281407035176,0.13316582914572864,0.7512562814070352,0.8618090452261307,0.08040201005025126,0.5251256281407035,0.02763819095477387,0.17336683417085427,0.022613065326633167,0.020100502512562814,0.24623115577889448,0.017587939698492462,0.0,19.40954773869347,7.680037868326191,-1.0,45.0,572.6532663316583,993.8730237215902,0.0,3600.0,25208.933266331656,284705.73393236124,0.0,5278000.0,14.57286432160804,83.7333747840858,0.0,720.0,2613.065326633166,37548.10221570141,0,624000,14681097.170264719,207665115.50571948,0.0,3265495296.0
34,Conjoint ( e ),0.8275862068965517,Musulman,0.5586206896551724,Inconnue,0.23275862068965517,Cote d'ivoire,0.7672413793103449,Aucun,0.6448275862068965,Aucun,0.743103448275862,Aucun,1.0,Aucun,0.8189655172413793,Aucun,0.9413793103448276,Occupe,0.4586206896551724,Occupe,0.46551724137931033,Non connu,0.33275862068965517,Entreprise Privée,0.656896551724138,Travailleur pour compte propre,0.41379310344827586,Non connu,0.9293103448275862,Non connu,0.9293103448275862,Pas de consultation,0.7931034482758621,Pas de consultation,0.7931034482758621,45-54,0.44310344827586207,Proprietaire titre,0.46206896551724136,0.9982758620689656,0.35517241379310344,0.25689655172413794,0.20689655172413793,0.041379310344827586,0.008620689655172414,0.29310344827586204,0.09310344827586207,0.20862068965517241,0.20862068965517241,0.0,0.0706896551724138,0.6741379310344827,0.0896551724137931,0.008620689655172414,0.20862068965517241,0.6862068965517242,0.7706896551724138,0.13620689655172413,0.49137931034482757,0.032758620689655175,0.15172413793103448,0.01206896551724138,0.013793103448275862,0.2655172413793103,0.017241379310344827,0.0034482758620689655,19.93793103448276,8.068121614450526,-1.0,52.0,813.7328435000001,1065.2050165085736,0.0,3744.0,42101.970137931035,214112.52351636582,0.0,3350928.0,41.98103448275862,183.9880824751515,0.0,1680.0,0.0,0.0,0,0,12104521.442341205,135425553.0240872,0.0,1859497472.0
35,"Fils, Fille",0.8471337579617835,Musulman,0.6581740976645435,SENOUFO,0.34394904458598724,Cote d'ivoire,0.9150743099787686,Aucun,0.7961783439490446,Aucun,0.8492569002123143,Aucun,0.7006369426751592,Aucun,0.6263269639065817,Aucun,0.921443736730361,Inactif,0.3885350318471338,Non occupe,0.39065817409766457,Non connu,0.6709129511677282,Non connu,0.6709129511677282,Non connu,0.6709129511677282,Non connu,0.9957537154989384,Non connu,0.9957537154989384,Pas de consultation,0.8577494692144374,Pas de consultation,0.8577494692144374,0-17,0.9235668789808917,Proprietaire sans titre,0.5435244161358811,0.9893842887473461,0.20382165605095542,0.15074309978768577,0.14225053078556263,0.008492569002123142,0.004246284501061571,0.010615711252653927,0.0021231422505307855,0.24416135881104034,0.24416135881104034,0.29936305732484075,0.004246284501061571,0.1040339702760085,0.03184713375796178,0.004246284501061571,0.24416135881104034,0.31422505307855625,0.47558386411889597,0.37791932059447986,0.29723991507430997,0.006369426751592357,0.09766454352441614,0.004246284501061571,0.01910828025477707,0.19532908704883228,0.004246284501061571,0.0,-1.0,0.0,-1.0,-1.0,44.50106157112526,331.3093872881563,0.0,3900.0,9881.872611464969,87086.65846476262,0.0,775727.0,0.25477707006369427,3.905649686220347,0.0,60.0,0.0,0.0,0,0,2617118.5733235497,6294656.653165234,0.0,44038007.1
36,"Fils, Fille",0.626057529610829,Chrétien,0.5532994923857868,BAOULE,0.43824027072758037,Cote d'ivoire,0.7851099830795262,Aucun,0.8189509306260575,Aucun,0.9069373942470389,Aucun,0.4653130287648054,Aucun,0.3824027072758037,Aucun,0.7648054145516074,Inactif,0.6835871404399323,Non occupe,0.6852791878172588,Non connu,0.9272419627749577,Non connu,0.9272419627749577,Non connu,0.9272419627749577,Non connu,1.0,Non connu,1.0,Pas de consultation,0.8730964467005076,Pas de consultation,0.8730964467005076,0-17,0.9018612521150592,Locataire,0.5752961082910322,0.9932318104906938,0.18104906937394247,0.09306260575296109,0.12690355329949238,0.00676818950930626,0.0338409475465313,0.0338409475465313,0.008460236886632826,0.5956006768189509,0.5922165820642978,0.5346869712351946,0.0,0.11844331641285956,0.05414551607445008,0.0338409475465313,0.5956006768189509,0.8358714043993232,0.8984771573604061,0.04230118443316413,0.6209813874788495,0.05245346869712352,0.26057529610829105,0.06598984771573604,0.06937394247038917,0.3993231810490694,0.01015228426395939,0.01015228426395939,-0.9306260575296108,1.2003923570139392,-1.0,22.0,84.17428087986464,444.2356662874027,0.0,3456.0,14967.851099830796,118756.48342101979,0.0,1820000.0,0.0,0.0,0.0,0.0,0.0,0.0,0,0,667282.6971044024,3061825.0451853713,0.0,20243345.0
37,"Fils, Fille",0.7585301837270341,Chrétien,0.4461942257217848,Inconnue,0.47244094488188976,Cote d'ivoire,0.5275590551181102,Aucun,0.6824146981627297,Aucun,0.7716535433070866,Aucun,0.6456692913385826,Aucun,0.5091863517060368,Aucun,0.9028871391076115,Inactif,0.48556430446194226,Non occupe,0.48556430446194226,Non connu,0.7821522309711286,Non connu,0.7821522309711286,Non connu,0.7821522309711286,Non connu,0.994750656167979,Non connu,0.994750656167979,Pas de consultation,0.7900262467191601,Pas de consultation,0.7900262467191601,0-17,0.868766404199475,Proprietaire titre,0.4199475065616798,1.0,0.31758530183727035,0.2283464566929134,0.2099737532808399,0.013123359580052493,0.0,0.010498687664041995,0.005249343832020997,0.3674540682414698,0.34120734908136485,0.3543307086614173,0.005249343832020997,0.15485564304461943,0.049868766404199474,0.0,0.3674540682414698,0.04461942257217848,0.11286089238845144,0.7847769028871391,0.4330708661417323,0.0,0.010498687664041995,0.010498687664041995,0.005249343832020997,0.2677165354330709,0.02099737532808399,0.007874015748031496,-1.0,0.0,-1.0,-1.0,103.3753280839895,505.9420377871572,0.0,3456.0,13263.71653543307,110341.55270309528,0.0,1200000.0,2.8976377952755907,41.759241267621334,0.0,720.0,566.9291338582677,11066.015222896891,0,216000,7697651.443795565,12830578.445335386,0.0,57472027.5
38,"Fils, Fille",0.7203166226912929,Chrétien,0.5065963060686016,KOULANGO,0.3720316622691293,Cote d'ivoire,0.8759894459102903,Aucun,0.7361477572559367,Aucun,0.8865435356200527,Aucun,0.6226912928759895,Aucun,0.48548812664907653,Aucun,0.9366754617414248,Inactif,0.6094986807387863,Non occupe,0.6094986807387863,Non connu,0.8865435356200527,Non connu,0.8865435356200527,Non connu,0.8865435356200527,Non connu,0.9920844327176781,Non connu,0.9920844327176781,Pas de consultation,0.862796833773087,Pas de consultation,0.862796833773087,0-17,0.9050131926121372,Proprietaire sans titre,0.5171503957783641,1.0,0.2638522427440633,0.11345646437994723,0.13720316622691292,0.029023746701846966,0.0079155672823219,0.03430079155672823,0.010554089709762533,0.37730870712401055,0.3720316622691293,0.37730870712401055,0.0079155672823219,0.08443271767810026,0.013192612137203167,0.0079155672823219,0.37730870712401055,0.5277044854881267,0.7018469656992085,0.14511873350923482,0.2796833773087071,0.002638522427440633,0.036939313984168866,0.0,0.0079155672823219,0.11873350923482849,0.0079155672823219,0.026385224274406333,-0.9604221635883905,0.770498245406271,-1.0,14.0,111.16622691292876,479.04393466897534,0.0,3600.0,3977.2758047493403,39507.521471720225,0.0,466797.94,2.079155672823219,23.64338365842794,0.0,300.0,0.0,0.0,0,0,1064394.635825428,4060030.3879178925,0.0,27172396.0
39,"Fils, Fille",0.7165109034267912,Chrétien,0.6635514018691588,BAOULE,0.21495327102803738,Cote d'ivoire,0.8037383177570093,Aucun,0.7320872274143302,Aucun,0.8473520249221184,Aucun,0.5295950155763239,Primaire,0.4517133956386293,Aucun,0.8442367601246106,Inactif,0.6292834890965732,Non occupe,0.6355140186915887,Non connu,0.8940809968847352,Non connu,0.8940809968847352,Non connu,0.8940809968847352,Non connu,1.0,Non connu,1.0,Pas de consultation,0.838006230529595,Pas de consultation,0.838006230529595,0-17,0.8878504672897196,Proprietaire titre,0.3644859813084112,1.0,0.26791277258566976,0.1526479750778816,0.16199376947040497,0.012461059190031152,0.028037383177570093,0.018691588785046728,0.012461059190031152,0.5482866043613707,0.5451713395638629,0.470404984423676,0.0,0.1277258566978193,0.04984423676012461,0.028037383177570093,0.5482866043613707,0.4766355140186916,0.6355140186915887,0.2398753894080997,0.37694704049844235,0.021806853582554516,0.056074766355140186,0.009345794392523364,0.0,0.2336448598130841,0.0,0.0,-0.9252336448598131,1.3395493732462744,-1.0,23.0,98.8380062305296,463.31681782125355,0.0,3000.0,32258.45308411215,218359.25243033914,0.0,2600000.0,0.0,0.0,0.0,0.0,0.0,0.0,0,0,3536147.342432972,8753874.049936378,0.0,50421246.0
40,"Fils, Fille",0.778816199376947,Chrétien,0.632398753894081,Inconnue,0.38317757009345793,Cote d'ivoire,0.616822429906542,Aucun,0.7476635514018691,Aucun,0.8442367601246106,Aucun,0.6199376947040498,Aucun,0.5202492211838006,Aucun,0.9283489096573209,Inactif,0.6012461059190031,Non occupe,0.5981308411214953,Non connu,0.9158878504672897,Non connu,0.9158878504672897,Non connu,0.9158878504672897,Non connu,0.9844236760124611,Non connu,0.9844236760124611,Pas de consultation,0.8006230529595015,Pas de consultation,0.8006230529595015,0-17,0.9345794392523364,Proprietaire titre,0.38006230529595014,0.9937694704049844,0.2523364485981308,0.1557632398753894,0.19937694704049844,0.012461059190031152,0.018691588785046728,0.028037383177570093,0.009345794392523364,0.40498442367601245,0.3925233644859813,0.38006230529595014,0.01557632398753894,0.0778816199376947,0.009345794392523364,0.018691588785046728,0.40498442367601245,0.11838006230529595,0.14641744548286603,0.7009345794392523,0.3894080996884735,0.012461059190031152,0.07165109034267912,0.021806853582554516,0.01557632398753894,0.2897196261682243,0.0,0.012461059190031152,-1.0,0.0,-1.0,-1.0,43.37694704049844,240.18430026107103,0.0,2250.0,11845.254423676011,74923.38256290965,0.0,943277.94,3.8816199376947043,34.115131428262174,0.0,420.0,1401.8691588785048,25116.550748367637,0,450000,2475528.5645483076,6281194.26282133,0.0,47794957.0
41,"Fils, Fille",0.8942731277533039,Musulman,0.6497797356828194,SENOUFO,0.47577092511013214,Cote d'ivoire,0.9317180616740088,Aucun,0.7929515418502202,Aucun,0.8744493392070485,Aucun,0.6916299559471366,Aucun,0.6519823788546255,Aucun,0.947136563876652,Inactif,0.566079295154185,Non occupe,0.5682819383259912,Non connu,0.9008810572687225,Non connu,0.9008810572687225,Non connu,0.9008810572687225,Non connu,1.0,Non connu,1.0,Pas de consultation,0.8612334801762115,Pas de consultation,0.8612334801762115,0-17,0.9757709251101322,Proprietaire sans titre,0.4845814977973568,0.9559471365638766,0.20704845814977973,0.12555066079295155,0.13876651982378854,0.013215859030837005,0.01762114537444934,0.015418502202643172,0.006607929515418502,0.2488986784140969,0.24669603524229075,0.30837004405286345,0.0,0.024229074889867842,0.0,0.01762114537444934,0.2488986784140969,0.2753303964757709,0.2687224669603524,0.5859030837004405,0.2290748898678414,0.006607929515418502,0.028634361233480177,0.0,0.0,0.09911894273127753,0.004405286343612335,0.0,-1.0,0.0,-1.0,-1.0,14.008810572687224,157.74699589053805,0.0,2400.0,5886.153568281938,110889.46786290228,0.0,2340000.0,0.0,0.0,0.0,0.0,0.0,0.0,0,0,1702504.2918985346,5621543.755526685,0.0,35055588.5
42,"Fils, Fille",0.6022727272727273,Chrétien,0.6363636363636364,BAOULE,0.7613636363636364,Cote d'ivoire,0.9204545454545454,Aucun,0.75,Aucun,0.8636363636363636,Aucun,0.4318181818181818,Primaire,0.4431818181818182,Aucun,0.7840909090909091,Inactif,0.6477272727272727,Non occupe,0.6477272727272727,Non connu,0.9431818181818182,Non connu,0.9431818181818182,Non connu,0.9431818181818182,Non connu,1.0,Non connu,1.0,Pas de consultation,0.7613636363636364,Pas de consultation,0.7613636363636364,0-17,0.8863636363636364,Proprietaire titre,0.3181818181818182,1.0,0.25,0.13636363636363635,0.23863636363636365,0.011363636363636364,0.011363636363636364,0.03409090909090909,0.011363636363636364,0.6136363636363636,0.6136363636363636,0.5681818181818182,0.0,0.17045454545454544,0.11363636363636363,0.011363636363636364,0.6136363636363636,0.5340909090909091,0.6590909090909091,0.2159090909090909,0.375,0.011363636363636364,0.22727272727272727,0.0,0.011363636363636364,0.375,0.022727272727272728,0.011363636363636364,-0.4772727272727273,3.46070643485014,-1.0,24.0,93.43181818181819,402.07275590983784,0.0,2100.0,10803.15909090909,101342.61531175951,0.0,950678.0,0.0,0.0,0.0,0.0,0.0,0.0,0,0,117914.37134327494,572695.1429177211,0.0,4053655.75
43,"Fils, Fille",0.775438596491228,Chrétien,0.5210526315789473,Inconnue,0.42105263157894735,Cote d'ivoire,0.5789473684210527,Aucun,0.7421052631578947,Aucun,0.8614035087719298,Aucun,0.6368421052631579,Aucun,0.5526315789473685,Aucun,0.9421052631578948,Inactif,0.6192982456140351,Non occupe,0.6210526315789474,Non connu,0.9456140350877194,Non connu,0.9456140350877194,Non connu,0.9456140350877194,Non connu,0.9964912280701754,Non connu,0.9964912280701754,Pas de consultation,0.8035087719298246,Pas de consultation,0.8035087719298246,0-17,0.9421052631578948,Proprietaire sans titre,0.4789473684210526,0.9824561403508771,0.2578947368421053,0.13859649122807016,0.19649122807017544,0.007017543859649123,0.012280701754385965,0.021052631578947368,0.014035087719298246,0.36140350877192984,0.3473684210526316,0.3631578947368421,0.0035087719298245615,0.04736842105263158,0.008771929824561403,0.012280701754385965,0.36140350877192984,0.3298245614035088,0.43508771929824563,0.4473684210526316,0.3280701754385965,0.008771929824561403,0.0456140350877193,0.017543859649122806,0.0035087719298245615,0.22456140350877193,0.012280701754385965,0.007017543859649123,-1.0,0.0,-1.0,-1.0,37.636866140350875,283.5673613647688,0.0,3000.0,7944.227087719298,100647.09333657313,0.0,2081484.0,1.8526315789473684,34.046892635882095,0.0,756.0,175.43859649122808,4188.539082916951,0,100000,1675664.563838144,5436998.921452945,0.0,51457941.0
44,"Fils, Fille",0.6239316239316239,Chrétien,0.7692307692307693,BAOULE,0.9615384615384616,Cote d'ivoire,0.9957264957264957,Aucun,0.8076923076923077,Aucun,0.8632478632478633,Aucun,0.47435897435897434,Primaire,0.5299145299145299,Aucun,0.9230769230769231,Inactif,0.6794871794871795,Non occupe,0.6752136752136753,Non connu,0.8846153846153846,Non connu,0.8846153846153846,Non connu,0.8846153846153846,Non connu,0.9871794871794872,Non connu,0.9871794871794872,Pas de consultation,0.8846153846153846,Pas de consultation,0.8846153846153846,0-17,0.905982905982906,Autre,0.4700854700854701,0.9529914529914529,0.19230769230769232,0.13675213675213677,0.11538461538461539,0.004273504273504274,0.004273504273504274,0.042735042735042736,0.004273504273504274,0.5555555555555556,0.5470085470085471,0.5256410256410257,0.01282051282051282,0.0641025641025641,0.004273504273504274,0.004273504273504274,0.5555555555555556,0.41452991452991456,0.44871794871794873,0.18803418803418803,0.19658119658119658,0.0,0.05128205128205128,0.0,0.0,0.11538461538461539,0.0,0.0,-1.0,0.0,-1.0,-1.0,49.60683760683761,369.58756638100357,0.0,3600.0,0.0,0.0,0.0,0.0,9.64102564102564,92.51492968841602,0.0,1200.0,0.0,0.0,0,0,632551.8936142846,3242827.8629979,0.0,28047001.0
45,"Fils, Fille",0.7478070175438597,Chrétien,0.5153508771929824,GOURO,0.4407894736842105,Cote d'ivoire,0.8552631578947368,Aucun,0.7697368421052632,Aucun,0.8596491228070176,Aucun,0.5197368421052632,Primaire,0.4780701754385965,Aucun,0.9035087719298246,Inactif,0.5986842105263158,Non occupe,0.6008771929824561,Non connu,0.8793859649122807,Non connu,0.8793859649122807,Non connu,0.8793859649122807,Non connu,0.9890350877192983,Non connu,0.9890350877192983,Pas de consultation,0.831140350877193,Pas de consultation,0.831140350877193,0-17,0.9298245614035088,Proprietaire sans titre,0.6293859649122807,0.9956140350877193,0.23026315789473684,0.14035087719298245,0.16885964912280702,0.010964912280701754,0.0043859649122807015,0.019736842105263157,0.008771929824561403,0.45394736842105265,0.44298245614035087,0.48026315789473684,0.010964912280701754,0.08552631578947369,0.02412280701754386,0.0043859649122807015,0.45394736842105265,0.5416666666666666,0.5745614035087719,0.2631578947368421,0.3399122807017544,0.0021929824561403508,0.05701754385964912,0.0,0.008771929824561403,0.17982456140350878,0.0,0.0021929824561403508,-1.0,0.0,-1.0,-1.0,46.40350877192982,306.2140806632718,0.0,3000.0,12148.373903508771,170396.1912195346,0.0,3380000.0,5.118421052631579,56.63861931915861,0.0,910.0,1978.0701754385964,42240.02010233443,0,902000,4032024.438903184,9489351.583507076,0.0,57577630.0
46,"Fils, Fille",0.8497652582159625,Musulman,0.4507042253521127,Inconnue,0.431924882629108,Cote d'ivoire,0.568075117370892,Aucun,0.8544600938967136,Aucun,0.8967136150234741,Aucun,0.5446009389671361,Aucun,0.431924882629108,Aucun,0.8262910798122066,Inactif,0.6525821596244131,Non occupe,0.6572769953051644,Non connu,0.9295774647887324,Non connu,0.9295774647887324,Non connu,0.9295774647887324,Non connu,1.0,Non connu,1.0,Pas de consultation,0.9154929577464789,Pas de consultation,0.9154929577464789,0-17,0.9061032863849765,Proprietaire sans titre,0.3615023474178404,1.0,0.14553990610328638,0.10328638497652583,0.08450704225352113,0.023474178403755867,0.018779342723004695,0.014084507042253521,0.0,0.460093896713615,0.4507042253521127,0.45539906103286387,0.0,0.09389671361502347,0.03755868544600939,0.018779342723004695,0.460093896713615,0.3615023474178404,0.39906103286384975,0.49765258215962443,0.36619718309859156,0.018779342723004695,0.09389671361502347,0.051643192488262914,0.03286384976525822,0.23943661971830985,0.004694835680751174,0.004694835680751174,-0.8967136150234741,1.5074151616205698,-1.0,21.0,31.6056338028169,222.16888520451334,0.0,2400.0,5976.907699530517,50287.032198426365,0.0,468000.0,0.0,0.0,0.0,0.0,0.0,0.0,0,0,134330.8835853233,1031026.845641475,0.0,9627993.860000014
47,"Fils, Fille",0.9106628242074928,Chrétien,0.3314121037463977,LOBI,0.46397694524495675,Cote d'ivoire,0.9452449567723343,Aucun,0.7521613832853026,Aucun,0.8559077809798271,Aucun,0.8184438040345822,Aucun,0.7809798270893372,Aucun,0.9567723342939481,Inactif,0.43515850144092216,Non occupe,0.43515850144092216,Non connu,0.7348703170028819,Non connu,0.7348703170028819,Non connu,0.7348703170028819,Non connu,1.0,Non connu,1.0,Pas de consultation,0.8876080691642652,Pas de consultation,0.8876080691642652,0-17,0.8847262247838616,Proprietaire sans titre,0.8443804034582133,0.9942363112391931,0.2478386167146974,0.1440922190201729,0.11239193083573487,0.025936599423631124,0.0,0.01440922190201729,0.002881844380403458,0.1642651296829971,0.1642651296829971,0.18155619596541786,0.0,0.08069164265129683,0.01440922190201729,0.0,0.1642651296829971,0.06340057636887608,0.11527377521613832,0.49279538904899134,0.0893371757925072,0.0,0.020172910662824207,0.0,0.0,0.04610951008645533,0.002881844380403458,0.0,-1.0,0.0,-1.0,-1.0,66.98559077809799,387.7052502397286,0.0,3300.0,0.0,0.0,0.0,0.0,0.0,0.0,0.0,0.0,0.0,0.0,0,0,961814.963501643,2855466.6122591347,0.0,15080949.0
48,"Fils, Fille",0.8154613466334164,Musulman,0.5760598503740648,Inconnue,0.5062344139650873,Cote d'ivoire,0.4937655860349127,Aucun,0.7655860349127181,Aucun,0.8478802992518704,Aucun,0.655860349127182,Aucun,0.5536159600997507,Aucun,0.940149625935162,Inactif,0.5261845386533666,Non occupe,0.5261845386533666,Non connu,0.830423940149626,Non connu,0.830423940149626,Non connu,0.830423940149626,Non connu,0.9925187032418953,Non connu,0.9925187032418953,Pas de consultation,0.827930174563591,Pas de consultation,0.827930174563591,0-17,0.8778054862842892,Proprietaire titre,0.4937655860349127,0.9875311720698254,0.2344139650872818,0.15211970074812967,0.17206982543640897,0.0024937655860349127,0.004987531172069825,0.007481296758104738,0.0,0.3566084788029925,0.34663341645885287,0.34663341645885287,0.007481296758104738,0.10224438902743142,0.032418952618453865,0.004987531172069825,0.3566084788029925,0.3765586034912718,0.4389027431421446,0.39650872817955113,0.32418952618453867,0.0,0.032418952618453865,0.0024937655860349127,0.0024937655860349127,0.19201995012468828,0.0,0.014962593516209476,-0.9476309226932669,1.0486899558217375,-1.0,20.0,153.14214463840398,585.0075061436298,0.0,3900.0,29533.899775561098,216472.14994125464,0.0,2600000.0,4.039900249376559,51.54258825466591,0.0,720.0,0.0,0.0,0,0,1876370.533566823,5733567.470481308,0.0,46272747.0
49,"Fils, Fille",0.6529411764705882,Musulman,0.65,BAOULE,0.22647058823529412,Cote d'ivoire,0.861764705882353,Aucun,0.8088235294117647,Aucun,0.9029411764705882,Aucun,0.43823529411764706,Aucun,0.36176470588235293,Aucun,0.7088235294117647,Inactif,0.7029411764705882,Non occupe,0.6941176470588235,Non connu,0.9382352941176471,Non connu,0.9382352941176471,Non connu,0.9382352941176471,Non connu,0.9970588235294118,Non connu,0.9970588235294118,Pas de consultation,0.8676470588235294,Pas de consultation,0.8676470588235294,0-17,0.8970588235294118,Locataire,0.4823529411764706,0.95,0.19117647058823528,0.09705882352941177,0.1323529411764706,0.014705882352941176,0.07352941176470588,0.03529411764705882,0.011764705882352941,0.65,0.65,0.5588235294117647,0.0029411764705882353,0.1323529411764706,0.07058823529411765,0.07352941176470588,0.65,0.8823529411764706,0.9382352941176471,0.05588235294117647,0.7970588235294118,0.09705882352941177,0.31176470588235294,0.07941176470588235,0.058823529411764705,0.37941176470588234,0.041176470588235294,0.008823529411764706,-0.8117647058823529,1.729454141019441,-1.0,16.0,76.11764705882354,423.932298590185,0.0,3000.0,7482.35294117647,62383.83645219757,0.0,900000.0,0.15294117647058825,2.8200959516425295,0.0,52.0,0.0,0.0,0,0,0.09204672213424654,0.6049999702793746,0.0,5.96999979019165
50,"Fils, Fille",0.7324324324324324,Musulman,0.7513513513513513,SENOUFO,0.7486486486486487,Cote d'ivoire,0.9108108108108108,Aucun,0.7675675675675676,Aucun,0.8837837837837837,Aucun,0.4243243243243243,Primaire,0.3621621621621622,Aucun,0.727027027027027,Inactif,0.7027027027027027,Non occupe,0.7081081081081081,Non connu,0.9540540540540541,Non connu,0.9540540540540541,Non connu,0.9540540540540541,Non connu,0.9972972972972973,Non connu,0.9972972972972973,Pas de consultation,0.8540540540540541,Pas de consultation,0.8540540540540541,0-17,0.8675675675675676,Proprietaire titre,0.42702702702702705,0.9972972972972973,0.23243243243243245,0.11621621621621622,0.14594594594594595,0.01891891891891892,0.016216216216216217,0.05405405405405406,0.013513513513513514,0.5945945945945946,0.5891891891891892,0.5756756756756757,0.002702702702702703,0.14054054054054055,0.07837837837837838,0.016216216216216217,0.5945945945945946,0.9378378378378378,0.9324324324324325,0.03513513513513514,0.7297297297297297,0.043243243243243246,0.17297297297297298,0.032432432432432434,0.01891891891891892,0.42162162162162165,0.024324324324324326,0.013513513513513514,-1.0,0.0,-1.0,-1.0,58.752702702702706,380.3198504920726,0.0,3900.0,2432.4324324324325,28351.778348644242,0.0,420000.0,0.17297297297297298,3.3272015674242335,0.0,64.0,5318.918918918919,102311.44819829515,0,1968000,0.04267662141371418,0.36574532387897546,0.0,4.063449956476688
51,"Fils, Fille",0.9318734793187348,Musulman,0.9708029197080292,MALINKE OU MANINKA,0.6374695863746959,Cote d'ivoire,0.8905109489051095,Aucun,0.7566909975669099,Aucun,0.8467153284671532,Aucun,0.805352798053528,Aucun,0.7785888077858881,Aucun,0.9708029197080292,Inactif,0.5693430656934306,Non occupe,0.5693430656934306,Non connu,0.9367396593673966,Non connu,0.9367396593673966,Non connu,0.9367396593673966,Non connu,1.0,Non connu,1.0,Pas de consultation,0.7907542579075426,Pas de consultation,0.7907542579075426,0-17,0.9683698296836983,Proprietaire sans titre,0.7031630170316302,0.9902676399026764,0.24330900243309003,0.15328467153284672,0.20924574209245742,0.021897810218978103,0.012165450121654502,0.019464720194647202,0.014598540145985401,0.2141119221411192,0.2141119221411192,0.19464720194647203,0.0,0.019464720194647202,0.0024330900243309003,0.012165450121654502,0.2141119221411192,0.7007299270072993,0.7785888077858881,0.17518248175182483,0.49635036496350365,0.004866180048661801,0.0705596107055961,0.0,0.004866180048661801,0.2384428223844282,0.0,0.0,-1.0,0.0,-1.0,-1.0,0.0,0.0,0.0,0.0,0.0,0.0,0.0,0.0,0.0,0.0,0.0,0.0,0.0,0.0,0,0,152822.34738576942,1184913.171639513,0.0,11767842.22700024
52,Chef de ménage,0.9927378358750908,Musulman,0.46042120551924476,Inconnue,0.2178649237472767,Cote d'ivoire,0.7821350762527233,Aucun,0.6688453159041394,Aucun,0.7530864197530864,Aucun,1.0,Aucun,0.5925925925925926,Aucun,0.7923021060275962,Occupe,0.9825708061002179,Occupe,0.9840232389251997,Agriculture,0.8373275236020334,Entreprise Privée,0.9651416122004357,Travailleur pour compte propre,0.8714596949891068,Non connu,0.7414669571532316,Non connu,0.7414669571532316,Pas de consultation,0.7777777777777778,Pas de consultation,0.7777777777777778,45-54,0.6216412490922295,Proprietaire sans titre,0.5388525780682644,1.0,0.3311546840958606,0.24691358024691357,0.2222222222222222,0.05156136528685548,0.050835148874364564,0.2701525054466231,0.06245461147421932,0.4720406681190995,0.4662309368191721,0.0007262164124909223,0.2585330428467683,0.9832970225127088,0.19753086419753085,0.050835148874364564,0.4720406681190995,0.45098039215686275,0.5177923021060276,0.355119825708061,0.4001452432824982,0.021060275962236745,0.08569353667392883,0.017429193899782137,0.013798111837327523,0.23311546840958605,0.006535947712418301,0.04212055192447349,26.317356572258532,6.112101700173028,15.0,55.0,1897.3597846724763,794.5356767540078,0.0,3600.0,187408.25996368917,825396.4134154019,0.0,14240012.0,146.02832244008715,312.9004363428331,0.0,1728.0,14225.031227305737,112161.89031544304,0,1500000,174303725.23706982,4533678952.501288,0.0,161412694030.5793
53,"Fils, Fille",0.5909486510008704,Musulman,0.49434290687554394,SENOUFO,0.15230635335073978,Cote d'ivoire,0.8633594429939078,Aucun,0.8207136640557006,Aucun,0.897302001740644,Secondaire 1  (Post Primaire) générale,0.36205395996518713,Second. gl 1,0.39251523063533506,Aucun,0.4751958224543081,Inactif,0.8181026979982594,Non occupe,0.8259355961705831,Non connu,0.8259355961705831,Non connu,0.8259355961705831,Non connu,0.8259355961705831,Non connu,0.9930374238468234,Non connu,0.9930374238468234,Pas de consultation,0.8912097476066144,Pas de consultation,0.8912097476066144,0-17,0.6997389033942559,Proprietaire titre,0.33507397737162753,0.9843342036553525,0.17928633594429938,0.10269799825935597,0.10879025239338555,0.01392515230635335,0.04264577893820714,0.0557006092254134,0.016536118363794605,0.825065274151436,0.8198433420365535,0.6779808529155787,0.006962576153176675,0.31157528285465624,0.15230635335073978,0.04264577893820714,0.825065274151436,0.7806788511749347,0.8720626631853786,0.08268059181897303,0.6013925152306353,0.06440382941688425,0.2523933855526545,0.058311575282854654,0.0391644908616188,0.360313315926893,0.02610966057441253,0.024369016536118365,-0.9190600522193212,1.2281088634713666,-1.0,19.0,164.6326930635335,598.6740265448806,0.0,3600.0,18775.799869451697,134793.48941723653,0.0,2160000.0,4.929503916449086,74.7624302986557,0.0,1560.0,0.0,0.0,0,0,2942380.251049969,50340384.78100007,0.0,1300096512.0
54,"Fils, Fille",0.7871621621621622,Musulman,0.6452702702702703,Inconnue,0.30067567567567566,Cote d'ivoire,0.6993243243243243,Aucun,0.722972972972973,Aucun,0.8412162162162162,Aucun,0.46283783783783783,Aucun,0.38175675675675674,Aucun,0.75,Inactif,0.6554054054054054,Non occupe,0.6587837837837838,Non connu,0.9324324324324325,Non connu,0.9324324324324325,Non connu,0.9324324324324325,Non connu,0.9932432432432432,Non connu,0.9932432432432432,Pas de consultation,0.8344594594594594,Pas de consultation,0.8344594594594594,0-17,0.9087837837837838,Locataire,0.47635135135135137,0.9898648648648649,0.27702702702702703,0.15878378378378377,0.16554054054054054,0.02027027027027027,0.02364864864864865,0.02702702702702703,0.0033783783783783786,0.5,0.46621621621621623,0.5371621621621622,0.006756756756756757,0.1554054054054054,0.08108108108108109,0.02364864864864865,0.5,0.75,0.7263513513513513,0.2533783783783784,0.777027027027027,0.05067567567567568,0.27702702702702703,0.10472972972972973,0.02364864864864865,0.48986486486486486,0.02027027027027027,0.016891891891891893,-1.0,0.0,-1.0,-1.0,100.01227331081081,510.241544010766,0.0,3900.0,13688.605202702704,82133.1835747408,0.0,806669.88,3.891891891891892,47.922979893077816,0.0,672.0,2432.4324324324325,41849.14994777493,0,720000,20987.49784706825,175575.75805029715,0.0,2340181.75
55,"Fils, Fille",0.7937888198757764,Musulman,0.5884057971014492,Inconnue,0.1979296066252588,Cote d'ivoire,0.8020703933747412,Aucun,0.7142857142857143,Aucun,0.8215320910973085,Aucun,0.6153209109730848,Aucun,0.5590062111801242,Aucun,0.9900621118012423,Inactif,0.5710144927536231,Non occupe,0.5714285714285714,Non connu,0.9838509316770186,Non connu,0.9838509316770186,Non connu,0.9838509316770186,Non connu,1.0,Non connu,1.0,Pas de consultation,0.7950310559006211,Pas de consultation,0.7950310559006211,0-17,1.0,Proprietaire titre,0.30890269151138716,0.9888198757763975,0.2857142857142857,0.1784679089026915,0.20496894409937888,0.017391304347826087,0.035196687370600416,0.016977225672877846,0.005383022774327122,0.3325051759834369,0.3267080745341615,0.38426501035196686,0.0,0.0037267080745341614,0.0008281573498964803,0.035196687370600416,0.3325051759834369,0.6252587991718427,0.7412008281573499,0.2,0.5768115942028985,0.036853002070393374,0.1648033126293996,0.034782608695652174,0.02360248447204969,0.3113871635610766,0.017391304347826087,0.002898550724637681,-1.0,0.0,-1.0,-1.0,6.725465838509317,126.67787724461803,0.0,3000.0,2599.8437267080744,74189.221713449,0.0,2600000.0,0.0,0.0,0.0,0.0,0.0,0.0,0,0,10154923.72126783,146788862.71611935,0.0,3265495296.0
56,Chef de ménage,0.9859154929577465,Chrétien,0.4894366197183099,Inconnue,0.2130281690140845,Cote d'ivoire,0.7852112676056338,Aucun,0.7095070422535211,Aucun,0.8345070422535211,Aucun,0.9982394366197183,Aucun,0.2746478873239437,Aucun,0.3961267605633803,Occupe,0.8573943661971831,Occupe,0.8591549295774648,Aut. services,0.22359154929577466,Entreprise Privée,0.7376760563380281,Travailleur pour compte propre,0.27816901408450706,Non connu,0.9559859154929577,Non connu,0.9559859154929577,Pas de consultation,0.7992957746478874,Pas de consultation,0.7992957746478874,35-44,0.3274647887323944,Locataire,0.7464788732394366,0.9982394366197183,0.2904929577464789,0.16549295774647887,0.2007042253521127,0.04753521126760563,0.23591549295774647,0.25,0.04753521126760563,0.8485915492957746,0.8433098591549296,0.0017605633802816902,0.04401408450704225,0.9947183098591549,0.772887323943662,0.23591549295774647,0.8485915492957746,0.9295774647887324,0.9383802816901409,0.05985915492957746,0.8838028169014085,0.17781690140845072,0.5334507042253521,0.23415492957746478,0.14084507042253522,0.5176056338028169,0.12852112676056338,0.3485915492957746,28.295774647887324,7.454779589543092,-1.0,53.0,1716.6502514788733,1064.7410690063998,0.0,4500.0,1501506.2741197185,2475318.935736093,0.0,27199996.0,31.758802816901408,172.7894394879624,0.0,1440.0,53753.542253521126,784188.3796768069,0,18000012,0.001232394345209632,0.02937134704019305,0.0,0.699999988079071
57,"Fils, Fille",0.7545691906005222,Chrétien,0.4490861618798956,YACOUBA OU DAN,0.6919060052219321,Cote d'ivoire,0.9321148825065274,Aucun,0.7180156657963447,Aucun,0.8067885117493473,Aucun,0.5509138381201044,Primaire,0.48825065274151436,Aucun,0.9268929503916449,Inactif,0.6057441253263708,Non occupe,0.608355091383812,Non connu,0.8590078328981723,Non connu,0.8590078328981723,Non connu,0.8590078328981723,Non connu,0.9973890339425587,Non connu,0.9973890339425587,Pas de consultation,0.8511749347258486,Pas de consultation,0.8511749347258486,0-17,0.8929503916449086,Proprietaire sans titre,0.6762402088772846,0.9921671018276762,0.2819843342036554,0.19321148825065274,0.14882506527415143,0.013054830287206266,0.0026109660574412533,0.031331592689295036,0.013054830287206266,0.4830287206266319,0.46475195822454307,0.4490861618798956,0.0026109660574412533,0.08093994778067885,0.005221932114882507,0.0026109660574412533,0.4830287206266319,0.2741514360313316,0.4621409921671018,0.26370757180156656,0.20365535248041775,0.0026109660574412533,0.028720626631853787,0.0026109660574412533,0.0,0.09138381201044386,0.018276762402088774,0.010443864229765013,-0.8798955613577023,1.6598706786048991,-1.0,22.0,76.36814621409921,380.8960539361703,0.0,2880.0,18151.28101827676,198274.36804246003,0.0,3380000.0,3.0078328981723237,58.86445021143505,0.0,1152.0,0.0,0.0,0,0,4740621.50280291,13060966.83286467,0.0,93898324.0
58,"Fils, Fille",0.48580441640378547,Chrétien,0.7097791798107256,BAOULE,0.917981072555205,Cote d'ivoire,0.9684542586750788,Aucun,0.7570977917981072,Aucun,0.8675078864353313,Aucun,0.5362776025236593,Primaire,0.5299684542586751,Aucun,0.8958990536277602,Inactif,0.5205047318611987,Non occupe,0.5236593059936908,Non connu,0.7728706624605678,Non connu,0.7728706624605678,Non connu,0.7728706624605678,Non connu,0.9842271293375394,Non connu,0.9842271293375394,Pas de consultation,0.8422712933753943,Pas de consultation,0.8422712933753943,0-17,0.8958990536277602,Proprietaire sans titre,0.5110410094637224,0.9905362776025236,0.24290220820189273,0.13249211356466878,0.15772870662460567,0.012618296529968454,0.006309148264984227,0.03785488958990536,0.006309148264984227,0.5615141955835962,0.555205047318612,0.4637223974763407,0.015772870662460567,0.0946372239747634,0.01892744479495268,0.006309148264984227,0.5615141955835962,0.6277602523659306,0.6782334384858044,0.14511041009463724,0.23974763406940064,0.01892744479495268,0.15772870662460567,0.025236593059936908,0.015772870662460567,0.14511041009463724,0.012618296529968454,0.00946372239747634,-1.0,0.0,-1.0,-1.0,41.86435331230284,302.3422235635359,0.0,3600.0,0.0,0.0,0.0,0.0,5.097791798107256,48.747929798765554,0.0,720.0,0.0,0.0,0,0,1368330.8594045143,4683524.523101481,0.0,31828307.99000001
59,Chef de ménage,0.4236006051437216,Chrétien,0.6565809379727685,BAOULE,0.3388804841149773,Cote d'ivoire,0.9198184568835098,Aucun,0.5234493192133132,Aucun,0.6475037821482602,Aucun,1.0,Aucun,0.7065052950075643,Aucun,0.886535552193646,Occupe,0.5809379727685325,Occupe,0.5824508320726173,Agriculture,0.5521936459909228,Entreprise Privée,0.7655068078668684,Travailleur pour compte propre,0.5658093797276853,Non connu,0.8502269288956127,Non connu,0.8502269288956127,Pas de consultation,0.7004538577912254,Pas de consultation,0.7004538577912254,55-64,0.4114977307110439,Proprietaire sans titre,0.540090771558245,0.9969742813918305,0.47655068078668683,0.3524962178517398,0.29954614220877457,0.060514372163388806,0.0226928895612708,0.4357034795763994,0.13161875945537066,0.2934947049924357,0.28895612708018154,0.0,0.14977307110438728,0.848714069591528,0.048411497730711045,0.0226928895612708,0.2934947049924357,0.5249621785173979,0.6217851739788199,0.21936459909228442,0.3146747352496218,0.037821482602118005,0.11951588502269289,0.009077155824508321,0.006051437216338881,0.2027231467473525,0.006051437216338881,0.0030257186081694403,19.257186081694403,9.734838901260927,-1.0,57.0,929.3083331316187,1015.0063942918662,0.0,3600.0,18302.071679273828,164920.8762664063,0.0,2590000.0,82.43116490166415,240.35393131797247,0.0,1560.0,508.320726172466,10048.760230783037,0,240000,4997047.602404264,101493506.49839506,0.0,2608130112.0
60,"Fils, Fille",0.7713118938233793,Musulman,0.5941807044410413,SENOUFO,0.17457886676875958,Cote d'ivoire,0.8351199591628382,Aucun,0.7253700867789689,Aucun,0.8310362429811128,Aucun,0.6125574272588055,Aucun,0.5671260847371108,Aucun,0.9652884124553344,Inactif,0.5809086268504339,Non occupe,0.5809086268504339,Non connu,0.9862174578866769,Non connu,0.9862174578866769,Non connu,0.9862174578866769,Non connu,1.0,Non connu,1.0,Pas de consultation,0.8095967330270546,Pas de consultation,0.8095967330270546,0-17,1.0,Locataire,0.2843287391526289,0.9882593159775396,0.27462991322103114,0.1689637570188872,0.19040326697294538,0.012761613067891782,0.04185809086268504,0.019908116385911178,0.005615109749872384,0.3496681980602348,0.34201123021949975,0.3874425727411945,0.0,0.005615109749872384,0.0035732516590096988,0.04185809086268504,0.3496681980602348,0.6921898928024502,0.815211842776927,0.13935681470137826,0.591628381827463,0.04134762633996937,0.17151607963246554,0.039816232771822356,0.019397651863195507,0.3343542623787647,0.014803471158754467,0.0,-1.0,0.0,-1.0,-1.0,0.19601837672281777,8.675889387351708,0.0,384.0,183.76722817764164,8133.646300642224,0.0,360000.0,0.0,0.0,0.0,0.0,0.0,0.0,0,0,92328116.20410955,1180044939.474401,0.0,20931702900.84668
61,"Fils, Fille",0.843558282208589,Musulman,0.679959100204499,MALINKE OU MANINKA,0.3425357873210634,Cote d'ivoire,0.7617586912065439,Aucun,0.810838445807771,Aucun,0.8732106339468303,Aucun,0.6042944785276073,Aucun,0.5204498977505112,Aucun,0.9049079754601227,Inactif,0.6053169734151329,Non occupe,0.6063394683026585,Non connu,0.8629856850715747,Non connu,0.8629856850715747,Non connu,0.8629856850715747,Non connu,0.9969325153374233,Non connu,0.9969325153374233,Pas de consultation,0.8588957055214724,Pas de consultation,0.8588957055214724,0-17,0.8987730061349694,Proprietaire sans titre,0.4918200408997955,0.9979550102249489,0.18916155419222905,0.12678936605316973,0.1411042944785276,0.011247443762781187,0.026584867075664622,0.02965235173824131,0.012269938650306749,0.4284253578732106,0.418200408997955,0.39570552147239263,0.003067484662576687,0.09202453987730061,0.032719836400818,0.026584867075664622,0.4284253578732106,0.5593047034764826,0.6257668711656442,0.2985685071574642,0.42535787321063395,0.007157464212678937,0.10224948875255624,0.0010224948875255625,0.006134969325153374,0.21063394683026584,0.003067484662576687,0.0081799591002045,-1.0,0.0,-1.0,-1.0,104.24220521472392,492.7172370575068,0.0,3900.0,14503.763680981594,136314.64248863937,0.0,2400000.0,2.2699386503067487,49.299709402606986,0.0,1440.0,756.6462167689161,19696.782382738274,0,600000,1458582.6720109342,5123243.97366976,0.0,34183755.0
62,"Fils, Fille",0.8517520215633423,Sans Réligion,0.3584905660377358,SENOUFO,0.8840970350404312,Cote d'ivoire,0.9757412398921833,Aucun,0.7601078167115903,Aucun,0.8733153638814016,Aucun,0.6846361185983828,Aucun,0.6415094339622641,Aucun,0.9299191374663073,Inactif,0.5175202156334232,Non occupe,0.5175202156334232,Non connu,0.7924528301886793,Non connu,0.7924528301886793,Non connu,0.7924528301886793,Non connu,0.9892183288409704,Non connu,0.9892183288409704,Pas de consultation,0.8247978436657682,Pas de consultation,0.8247978436657682,0-17,0.894878706199461,Proprietaire sans titre,0.5606469002695418,0.9973045822102425,0.2398921832884097,0.12668463611859837,0.1752021563342318,0.01078167115902965,0.008086253369272238,0.07008086253369272,0.008086253369272238,0.3450134770889488,0.33692722371967654,0.31266846361185985,0.01078167115902965,0.09433962264150944,0.026954177897574125,0.008086253369272238,0.3450134770889488,0.3477088948787062,0.4501347708894879,0.3611859838274933,0.2371967654986523,0.0,0.03234501347708895,0.0,0.0,0.15633423180592992,0.0,0.016172506738544475,-1.0,0.0,-1.0,-1.0,69.21024258760107,424.99449154165757,0.0,3900.0,5582.048517520216,45059.76799772111,0.0,600000.0,3.730458221024259,41.126470919956255,0.0,520.0,2991.913746630728,41066.16203354668,0,630000,4755065.561595478,11078632.223440703,0.0,55979924.0
63,"Fils, Fille",0.597864768683274,Chrétien,0.41637010676156583,BAOULE,0.6120996441281139,Cote d'ivoire,0.9395017793594306,Aucun,0.7900355871886121,Aucun,0.9039145907473309,Aucun,0.5231316725978647,Primaire,0.44483985765124556,Aucun,0.8932384341637011,Inactif,0.6405693950177936,Non occupe,0.6441281138790036,Non connu,0.9181494661921709,Non connu,0.9181494661921709,Non connu,0.9181494661921709,Non connu,1.0,Non connu,1.0,Pas de consultation,0.8362989323843416,Pas de consultation,0.8362989323843416,0-17,0.9039145907473309,Proprietaire sans titre,0.6441281138790036,0.99644128113879,0.2099644128113879,0.09608540925266904,0.16370106761565836,0.010676156583629894,0.0035587188612099642,0.017793594306049824,0.0,0.5266903914590747,0.5195729537366548,0.47686832740213525,0.0,0.046263345195729534,0.014234875444839857,0.0035587188612099642,0.5266903914590747,0.45195729537366547,0.6120996441281139,0.1708185053380783,0.22419928825622776,0.014234875444839857,0.03558718861209965,0.0,0.0071174377224199285,0.10676156583629894,0.0,0.010676156583629894,-1.0,0.0,-1.0,-1.0,47.70106761565836,278.450090999137,0.0,2200.0,1515.6582562277579,25407.06212566998,0.0,425899.97,0.0,0.0,0.0,0.0,0.0,0.0,0,0,4167933.627681242,10308224.064455977,0.0,60427260.0
64,"Fils, Fille",0.4273422562141491,Chrétien,0.6042065009560229,BAOULE,0.2170172084130019,Cote d'ivoire,0.9053537284894837,Aucun,0.7495219885277247,Aucun,0.8374760994263862,Aucun,0.5783938814531548,Second. gl 1,0.28967495219885275,Aucun,0.372848948374761,Inactif,0.5296367112810707,Non occupe,0.5544933078393881,Non connu,0.5544933078393881,Non connu,0.5544933078393881,Non connu,0.5544933078393881,Non connu,0.9703632887189293,Non connu,0.9703632887189293,Pas de consultation,0.8594646271510517,Pas de consultation,0.8594646271510517,18-24,0.4349904397705545,Locataire,0.4435946462715105,0.9875717017208413,0.25047801147227533,0.16252390057361377,0.14053537284894838,0.03537284894837476,0.043021032504780114,0.1491395793499044,0.027724665391969407,0.8001912045889101,0.7973231357552581,0.4216061185468451,0.029636711281070746,0.9063097514340345,0.5688336520076482,0.043021032504780114,0.8001912045889101,0.8040152963671128,0.8718929254302104,0.09369024856596558,0.6223709369024857,0.07074569789674952,0.2982791586998088,0.06978967495219886,0.04684512428298279,0.3881453154875717,0.028680688336520075,0.07839388145315487,-0.9139579349904398,1.4034326387235636,-1.0,25.0,713.7641528202677,1083.781263343166,0.0,3600.0,150874.145,552338.4207630559,0.0,8660000.0,16.797323135755256,115.44545319190358,0.0,1728.0,975.1434034416826,19880.15176476129,0,540000,3150048.079135045,81108986.48426417,0.0,2542028160.0
65,"Fils, Fille",0.672,Chrétien,0.5626666666666666,Inconnue,0.44533333333333336,Cote d'ivoire,0.5546666666666666,Aucun,0.792,Aucun,0.8586666666666667,Aucun,0.6106666666666667,Aucun,0.49866666666666665,Aucun,0.928,Inactif,0.576,Non occupe,0.5733333333333334,Non connu,0.8666666666666667,Non connu,0.8666666666666667,Non connu,0.8666666666666667,Non connu,0.992,Non connu,0.992,Pas de consultation,0.8613333333333333,Pas de consultation,0.8613333333333333,0-17,0.9146666666666666,Proprietaire sans titre,0.4,0.9973333333333333,0.208,0.14133333333333334,0.13866666666666666,0.021333333333333333,0.005333333333333333,0.021333333333333333,0.008,0.3626666666666667,0.344,0.38666666666666666,0.008,0.072,0.005333333333333333,0.005333333333333333,0.3626666666666667,0.07733333333333334,0.14666666666666667,0.7573333333333333,0.37066666666666664,0.0,0.016,0.02666666666666667,0.013333333333333334,0.25333333333333335,0.0026666666666666666,0.0026666666666666666,-1.0,0.0,-1.0,-1.0,18.82133333333333,172.90344612733847,0.0,2496.0,4331.171013333333,42558.68778164494,0.0,484189.13,2.6613333333333333,37.89720085233298,0.0,675.0,960.0,18590.320061795606,0,360000,5328767.614775094,10501869.410177346,0.0,47606083.0
66,"Fils, Fille",0.8603174603174604,Musulman,0.8952380952380953,KOYAKA OU KOYARA,0.526984126984127,Cote d'ivoire,0.8857142857142857,Aucun,0.8285714285714286,Aucun,0.8920634920634921,Aucun,0.6730158730158731,Aucun,0.5904761904761905,Aucun,0.9682539682539683,Inactif,0.473015873015873,Non occupe,0.473015873015873,Non connu,0.8317460317460318,Non connu,0.8317460317460318,Non connu,0.8317460317460318,Non connu,0.9968253968253968,Non connu,0.9968253968253968,Pas de consultation,0.9015873015873016,Pas de consultation,0.9015873015873016,0-17,0.9619047619047619,Proprietaire sans titre,0.5746031746031746,0.9904761904761905,0.17142857142857143,0.10793650793650794,0.09841269841269841,0.012698412698412698,0.0031746031746031746,0.0380952380952381,0.012698412698412698,0.28253968253968254,0.27936507936507937,0.326984126984127,0.0031746031746031746,0.06031746031746032,0.012698412698412698,0.0031746031746031746,0.28253968253968254,0.5365079365079365,0.6857142857142857,0.20634920634920634,0.4380952380952381,0.03492063492063492,0.15873015873015872,0.0380952380952381,0.0,0.21587301587301588,0.015873015873015872,0.0,-1.0,0.0,-1.0,-1.0,13.333333333333334,168.7722620371043,0.0,2400.0,2013.6908888888888,35739.46787150235,0.0,634312.63,2.2857142857142856,40.56740422696879,0.0,720.0,0.0,0.0,0,0,2158060.113996024,5813294.617336441,0.0,33159106.0
67,"Fils, Fille",0.6571428571428571,Chrétien,0.5183673469387755,Inconnue,0.2693877551020408,Cote d'ivoire,0.726530612244898,Aucun,0.7346938775510204,Aucun,0.8244897959183674,Aucun,0.4448979591836735,Primaire,0.363265306122449,Aucun,0.7346938775510204,Inactif,0.6448979591836734,Non occupe,0.6489795918367347,Non connu,0.9224489795918367,Non connu,0.9224489795918367,Non connu,0.9224489795918367,Non connu,0.9959183673469387,Non connu,0.9959183673469387,Pas de consultation,0.8204081632653061,Pas de consultation,0.8204081632653061,0-17,0.9061224489795918,Locataire,0.4775510204081633,0.9795918367346939,0.2653061224489796,0.17551020408163265,0.17959183673469387,0.036734693877551024,0.044897959183673466,0.0653061224489796,0.0163265306122449,0.6326530612244898,0.6244897959183674,0.5510204081632653,0.004081632653061225,0.13877551020408163,0.09387755102040816,0.044897959183673466,0.6326530612244898,0.7183673469387755,0.5591836734693878,0.4163265306122449,0.6163265306122448,0.08163265306122448,0.1346938775510204,0.1469387755102041,0.02040816326530612,0.4204081632653061,0.012244897959183673,0.004081632653061225,-0.8938775510204081,1.6610790689998436,-1.0,25.0,111.24909142857142,517.4750865572782,0.0,3600.0,37705.01224489796,262538.25078553514,0.0,3198000.0,2.938775510204082,45.99911267999567,0.0,720.0,0.0,0.0,0,0,113141.37669074573,802550.3848761311,0.0,6774106.5
68,Chef de ménage,0.9397363465160076,Musulman,0.591337099811676,Inconnue,0.3220338983050847,Cote d'ivoire,0.6760828625235404,Aucun,0.7099811676082862,Aucun,0.8116760828625236,Aucun,0.9981167608286252,Aucun,0.67984934086629,Aucun,0.8380414312617702,Occupe,0.9020715630885122,Occupe,0.9058380414312618,Agriculture,0.5386064030131826,Entreprise Privée,0.9133709981167608,Travailleur pour compte propre,0.647834274952919,Non connu,0.8681732580037664,Non connu,0.8681732580037664,Pas de consultation,0.832391713747646,Pas de consultation,0.832391713747646,35-44,0.3050847457627119,Proprietaire titre,0.2975517890772128,1.0,0.2900188323917137,0.18832391713747645,0.16760828625235405,0.047080979284369114,0.005649717514124294,0.2580037664783427,0.07532956685499058,0.4067796610169492,0.4011299435028249,0.0018832391713747645,0.1318267419962335,0.9020715630885122,0.22598870056497175,0.005649717514124294,0.4067796610169492,0.5009416195856874,0.6421845574387948,0.23163841807909605,0.4256120527306968,0.015065913370998116,0.064030131826742,0.02071563088512241,0.003766478342749529,0.1977401129943503,0.005649717514124294,0.06779661016949153,25.516007532956685,9.054615620231038,-1.0,52.0,1820.0545001129942,1056.0080630199275,0.0,4200.0,265588.65133709984,643604.3303104568,0.0,5200000.0,73.07344632768361,227.09339835537054,0.0,1728.0,29352.16572504708,205180.82749544582,0,2400000,6338622.063613174,114793026.39882231,0.0,2568301568.0
69,"Fils, Fille",0.9161425576519916,Musulman,0.6016771488469602,SENOUFO,0.480083857442348,Cote d'ivoire,0.9412997903563941,Aucun,0.7379454926624738,Aucun,0.8385744234800838,Aucun,0.7735849056603774,Aucun,0.7064989517819706,Aucun,0.9433962264150944,Inactif,0.4381551362683438,Non occupe,0.44025157232704404,Non connu,0.7421383647798742,Non connu,0.7421383647798742,Non connu,0.7421383647798742,Non connu,0.9937106918238994,Non connu,0.9937106918238994,Pas de consultation,0.8532494758909853,Pas de consultation,0.8532494758909853,0-17,0.89937106918239,Proprietaire sans titre,0.5660377358490566,0.9287211740041929,0.2620545073375262,0.16142557651991615,0.14675052410901468,0.016771488469601678,0.018867924528301886,0.025157232704402517,0.0020964360587002098,0.22851153039832284,0.22851153039832284,0.22641509433962265,0.006289308176100629,0.08385744234800839,0.016771488469601678,0.018867924528301886,0.22851153039832284,0.28721174004192873,0.3165618448637317,0.5786163522012578,0.25366876310272535,0.008385744234800839,0.031446540880503145,0.0,0.0,0.12159329140461216,0.008385744234800839,0.0020964360587002098,-0.9538784067085954,1.0073108022903858,-1.0,21.0,42.17190775681342,282.21791859999934,0.0,2700.0,9351.486918238994,74721.40123030797,0.0,780000.0,4.226415094339623,61.84922618568896,0.0,1200.0,0.0,0.0,0,0,1905528.0332420291,6091967.23982744,0.0,35055588.5
70,"Fils, Fille",0.8005390835579514,Musulman,0.48787061994609165,Inconnue,0.3611859838274933,Cote d'ivoire,0.6388140161725068,Aucun,0.7277628032345014,Aucun,0.816711590296496,Aucun,0.5633423180592992,Aucun,0.48517520215633425,Aucun,0.9514824797843666,Inactif,0.6576819407008087,Non occupe,0.6576819407008087,Non connu,0.9433962264150944,Non connu,0.9433962264150944,Non connu,0.9433962264150944,Non connu,1.0,Non connu,1.0,Pas de consultation,0.8032345013477089,Pas de consultation,0.8032345013477089,0-17,0.9487870619946092,Proprietaire titre,0.48517520215633425,0.9892183288409704,0.2722371967654987,0.18328840970350405,0.1967654986522911,0.016172506738544475,0.008086253369272238,0.018867924528301886,0.013477088948787063,0.41778975741239893,0.4123989218328841,0.4366576819407008,0.0,0.04851752021563342,0.005390835579514825,0.008086253369272238,0.41778975741239893,0.39622641509433965,0.5309973045822103,0.3746630727762803,0.37735849056603776,0.0026954177897574125,0.05929919137466307,0.008086253369272238,0.005390835579514825,0.23180592991913745,0.0,0.008086253369272238,-1.0,0.0,-1.0,-1.0,26.857142857142858,227.27487482312844,0.0,2400.0,3748.6805929919137,42149.33558741549,0.0,571357.06,0.0,0.0,0.0,0.0,0.0,0.0,0,0,1948164.4256742913,6279173.753160583,0.0,46272747.0
71,"Fils, Fille",0.7907324364723468,Musulman,0.4763328350772297,SENOUFO,0.19133034379671152,Cote d'ivoire,0.8231190832087693,Aucun,0.7752864972595914,Aucun,0.8629795714997509,Aucun,0.6233183856502242,Aucun,0.5455904334828101,Aucun,0.9367214748380668,Inactif,0.5864474339810662,Non occupe,0.5874439461883408,Non connu,0.9172894867962132,Non connu,0.9172894867962132,Non connu,0.9172894867962132,Non connu,0.9990034877927254,Non connu,0.9990034877927254,Pas de consultation,0.8574987543597409,Pas de consultation,0.8574987543597409,0-17,0.9481813652217239,Proprietaire sans titre,0.5515695067264574,0.9691081215744893,0.22471350274040858,0.13702042850024912,0.1425012456402591,0.018933731938216243,0.015445939212755356,0.02242152466367713,0.005979073243647235,0.37717987045341306,0.3731938216243149,0.37668161434977576,0.000996512207274539,0.039860488290981565,0.008968609865470852,0.015445939212755356,0.37717987045341306,0.4155455904334828,0.5117090184354758,0.3034379671150972,0.31340308918784254,0.019930244145490782,0.08719481813652218,0.01245640259093174,0.006975585450921774,0.1768809167912307,0.003487792725460887,0.003487792725460887,-1.0,0.0,-1.0,-1.0,22.270054808171402,233.95674927974682,0.0,3600.0,1907.1806327852514,33890.5410777868,0.0,936000.0,0.16442451420029897,6.173211831955098,0.0,270.0,0.0,0.0,0,0,2879716.499627684,8532921.42931231,0.0,58933231.0
72,"Fils, Fille",0.7346368715083799,Musulman,0.5782122905027933,BAOULE,0.30446927374301674,Cote d'ivoire,0.9189944134078212,Aucun,0.8296089385474861,Aucun,0.8854748603351955,Aucun,0.43575418994413406,Primaire,0.4106145251396648,Aucun,0.7569832402234636,Inactif,0.7318435754189944,Non occupe,0.7458100558659218,Non connu,0.9441340782122905,Non connu,0.9441340782122905,Non connu,0.9441340782122905,Non connu,1.0,Non connu,1.0,Pas de consultation,0.8743016759776536,Pas de consultation,0.8743016759776536,0-17,0.8854748603351955,Locataire,0.4245810055865922,0.9581005586592178,0.17039106145251395,0.11452513966480447,0.12569832402234637,0.019553072625698324,0.07262569832402235,0.0335195530726257,0.008379888268156424,0.6620111731843575,0.6620111731843575,0.5642458100558659,0.0,0.14804469273743018,0.1005586592178771,0.07262569832402235,0.6620111731843575,0.8575418994413407,0.9134078212290503,0.061452513966480445,0.7346368715083799,0.07262569832402235,0.24860335195530725,0.10893854748603352,0.05027932960893855,0.3324022346368715,0.027932960893854747,0.013966480446927373,-0.8966480446927374,1.3934379803895987,-1.0,20.0,80.60541759776537,416.16829382712785,0.0,2750.0,23075.391061452516,147014.98207445003,0.0,1349522.0,0.0,0.0,0.0,0.0,0.0,0.0,0,0,155072.406521503,2058887.0436241606,0.0,28030384.0
73,"Fils, Fille",0.7984084880636605,Musulman,0.5278514588859416,DJIMINI,0.5225464190981433,Cote d'ivoire,0.9549071618037135,Aucun,0.7427055702917772,Aucun,0.8143236074270557,Aucun,0.6551724137931034,Aucun,0.5596816976127321,Aucun,0.9389920424403183,Inactif,0.46419098143236076,Non occupe,0.46419098143236076,Non connu,0.7082228116710876,Non connu,0.7082228116710876,Non connu,0.7082228116710876,Non connu,0.9920424403183024,Non connu,0.9920424403183024,Pas de consultation,0.8169761273209549,Pas de consultation,0.8169761273209549,0-17,0.8859416445623343,Proprietaire sans titre,0.7824933687002652,0.883289124668435,0.2572944297082228,0.1856763925729443,0.1830238726790451,0.015915119363395226,0.0,0.03713527851458886,0.002652519893899204,0.3687002652519894,0.3687002652519894,0.3448275862068966,0.007957559681697613,0.11671087533156499,0.01856763925729443,0.0,0.3687002652519894,0.32891246684350134,0.38726790450928383,0.3793103448275862,0.09814323607427056,0.002652519893899204,0.04509283819628647,0.0,0.0,0.07957559681697612,0.0,0.005305039787798408,-0.9071618037135278,1.2776210680130395,-1.0,18.0,57.07692307692308,350.6893468631081,0.0,2750.0,1591.5119363395224,30901.572157476287,0.0,600000.0,3.236074270557029,42.01228256921207,0.0,720.0,0.0,0.0,0,0,1902790.624120519,6389239.703088761,0.0,53928758.0
74,"Fils, Fille",0.7742718446601942,Chrétien,0.5606796116504854,GOURO,0.470873786407767,Cote d'ivoire,0.8640776699029126,Aucun,0.7427184466019418,Aucun,0.8592233009708737,Aucun,0.5436893203883495,Primaire,0.4684466019417476,Aucun,0.9174757281553398,Inactif,0.616504854368932,Non occupe,0.616504854368932,Non connu,0.9271844660194175,Non connu,0.9271844660194175,Non connu,0.9271844660194175,Non connu,0.9975728155339806,Non connu,0.9975728155339806,Pas de consultation,0.8252427184466019,Pas de consultation,0.8252427184466019,0-17,0.9514563106796117,Proprietaire sans titre,0.6213592233009708,0.9902912621359223,0.25728155339805825,0.1407766990291262,0.17475728155339806,0.007281553398058253,0.0048543689320388345,0.03398058252427184,0.014563106796116505,0.4368932038834951,0.42961165048543687,0.4563106796116505,0.0024271844660194173,0.06310679611650485,0.014563106796116505,0.0048543689320388345,0.4368932038834951,0.5485436893203883,0.5703883495145631,0.2669902912621359,0.3276699029126214,0.007281553398058253,0.04611650485436893,0.0,0.0048543689320388345,0.17233009708737865,0.0,0.0024271844660194173,-1.0,0.0,-1.0,-1.0,6.694174757281553,98.23282173109989,0.0,1680.0,0.0,0.0,0.0,0.0,0.1941747572815534,3.941317112657171,0.0,80.0,0.0,0.0,0,0,3946802.9411834483,8509255.136592625,0.0,57577630.0
75,"Fils, Fille",0.6206896551724138,Chrétien,0.7438423645320197,AGNI,0.7536945812807881,Cote d'ivoire,0.8817733990147784,Aucun,0.7832512315270936,Aucun,0.8571428571428571,Aucun,0.5270935960591133,Primaire,0.45320197044334976,Aucun,0.8817733990147784,Inactif,0.645320197044335,Non occupe,0.6502463054187192,Non connu,0.9211822660098522,Non connu,0.9211822660098522,Non connu,0.9211822660098522,Non connu,1.0,Non connu,1.0,Pas de consultation,0.8226600985221675,Pas de consultation,0.8226600985221675,0-17,0.8669950738916257,Proprietaire sans titre,0.541871921182266,0.9950738916256158,0.21674876847290642,0.14285714285714285,0.17733990147783252,0.009852216748768473,0.0,0.014778325123152709,0.0,0.5073891625615764,0.4975369458128079,0.4729064039408867,0.0,0.09852216748768473,0.034482758620689655,0.0,0.5073891625615764,0.6847290640394089,0.7980295566502463,0.06403940886699508,0.3793103448275862,0.029556650246305417,0.08374384236453201,0.014778325123152709,0.014778325123152709,0.26108374384236455,0.009852216748768473,0.0,-0.9310344827586207,0.9826073688810351,-1.0,13.0,60.57142857142857,374.0159214213507,0.0,3900.0,12066.364532019705,77407.0001671843,0.0,662000.0,0.0,0.0,0.0,0.0,0.0,0.0,0,0,6273569.277514813,11392013.632919014,0.0,66506150.0
76,Chef de ménage,0.994026284348865,Musulman,0.6021505376344086,SENOUFO,0.18876941457586618,Cote d'ivoire,0.8279569892473119,Aucun,0.7001194743130227,Aucun,0.8148148148148148,Aucun,1.0,Aucun,0.4850657108721625,Aucun,0.6535244922341696,Occupe,0.9605734767025089,Occupe,0.961768219832736,Agriculture,0.3309438470728793,Entreprise Privée,0.8446833930704899,Travailleur pour compte propre,0.5782556750298686,Non connu,0.8327359617682198,Non connu,0.8327359617682198,Pas de consultation,0.8112305854241338,Pas de consultation,0.8112305854241338,45-54,0.6188769414575866,Locataire,0.3751493428912784,1.0,0.2998805256869773,0.18518518518518517,0.18876941457586618,0.021505376344086023,0.12066905615292713,0.24492234169653523,0.04540023894862605,0.6260454002389486,0.6200716845878136,0.0,0.16726403823178015,0.989247311827957,0.5077658303464755,0.12066905615292713,0.6260454002389486,0.7526881720430108,0.8303464755077659,0.14336917562724014,0.7072879330943848,0.06810035842293907,0.24372759856630824,0.07168458781362007,0.04898446833930705,0.41935483870967744,0.026284348864994027,0.2007168458781362,27.256869772998805,7.447726363730179,-1.0,52.0,1932.1515199761052,969.4991587746268,0.0,4463.0137,801516.8491039427,1531415.7285177028,0.0,10800000.0,79.4994026284349,228.53765211154393,0.0,1560.0,24955.794504181602,219777.19623773618,0,4450000,4986088.222165884,84226655.5214942,0.0,1958933824.0
77,"Fils, Fille",0.6790799561883899,Chrétien,0.5164293537787513,BAOULE,0.44359255202628695,Cote d'ivoire,0.9315443592552026,Aucun,0.7792990142387732,Aucun,0.8860898138006572,Aucun,0.5706462212486308,Primaire,0.4589266155531216,Aucun,0.8899233296823659,Inactif,0.5585980284775466,Non occupe,0.56078860898138,Non connu,0.8176341730558598,Non connu,0.8176341730558598,Non connu,0.8176341730558598,Non connu,0.9923329682365827,Non connu,0.9923329682365827,Pas de consultation,0.8806133625410734,Pas de consultation,0.8806133625410734,0-17,0.8817086527929902,Proprietaire sans titre,0.5377875136911281,0.9895947426067908,0.22070098576122674,0.11391018619934283,0.11938663745892661,0.016976998904709748,0.014786418400876232,0.03066812705366922,0.012048192771084338,0.48028477546549836,0.47371303395399783,0.4293537787513691,0.007667031763417305,0.09857612267250822,0.023001095290251915,0.014786418400876232,0.48028477546549836,0.5366922234392114,0.624315443592552,0.15279299014238773,0.26396495071193865,0.020262869660460023,0.0859802847754655,0.009309967141292442,0.012048192771084338,0.12431544359255203,0.0032858707557502738,0.007667031763417305,-1.0,0.0,-1.0,-1.0,76.61610076670317,387.1881238178089,0.0,3600.0,14572.425980284776,135191.2060088147,0.0,2158000.0,4.762869660460022,64.91479060861654,0.0,1260.0,1577.2179627601315,41021.27488295732,0,1320000,2382066.49976582,10687597.803597622,0.0,180432912.0
78,"Fils, Fille",0.7619047619047619,Chrétien,0.581453634085213,Inconnue,0.38847117794486213,Cote d'ivoire,0.6090225563909775,Aucun,0.7368421052631579,Aucun,0.8270676691729323,Aucun,0.6340852130325815,Aucun,0.5288220551378446,Aucun,0.899749373433584,Inactif,0.5087719298245614,Non occupe,0.5087719298245614,Non connu,0.8020050125313283,Non connu,0.8020050125313283,Non connu,0.8020050125313283,Non connu,0.9849624060150376,Non connu,0.9849624060150376,Pas de consultation,0.8320802005012531,Pas de consultation,0.8320802005012531,0-17,0.8596491228070176,Proprietaire titre,0.5012531328320802,1.0,0.2631578947368421,0.17293233082706766,0.16791979949874686,0.010025062656641603,0.017543859649122806,0.02506265664160401,0.002506265664160401,0.40601503759398494,0.39097744360902253,0.3634085213032581,0.015037593984962405,0.15789473684210525,0.05263157894736842,0.017543859649122806,0.40601503759398494,0.15037593984962405,0.16791979949874686,0.6691729323308271,0.42105263157894735,0.010025062656641603,0.05012531328320802,0.02506265664160401,0.007518796992481203,0.3057644110275689,0.0,0.012531328320802004,-0.9022556390977443,1.382943450669905,-1.0,20.0,186.69423558897242,602.0182944697245,0.0,3600.0,61419.856791979946,219823.6289799913,0.0,1800000.0,4.93734335839599,42.99039958224517,0.0,600.0,240.6015037593985,4806.011273488884,0,96000,2359048.895303765,6819459.309189472,0.0,47794957.0
79,"Fils, Fille",0.765993265993266,Chrétien,0.49326599326599324,AKYE OU ATTIE,0.26262626262626265,Cote d'ivoire,0.8013468013468014,Aucun,0.765993265993266,Aucun,0.8569023569023569,Aucun,0.5218855218855218,Aucun,0.43097643097643096,Aucun,0.8434343434343434,Inactif,0.6835016835016835,Non occupe,0.6835016835016835,Non connu,0.9444444444444444,Non connu,0.9444444444444444,Non connu,0.9444444444444444,Non connu,1.0,Non connu,1.0,Pas de consultation,0.8367003367003367,Pas de consultation,0.8367003367003367,0-17,0.9023569023569024,Proprietaire sans titre,0.38215488215488214,0.98989898989899,0.234006734006734,0.14309764309764308,0.1632996632996633,0.02861952861952862,0.025252525252525252,0.03198653198653199,0.003367003367003367,0.5589225589225589,0.5572390572390572,0.4781144781144781,0.0,0.09259259259259259,0.03198653198653199,0.025252525252525252,0.5589225589225589,0.6734006734006734,0.7457912457912458,0.1734006734006734,0.4898989898989899,0.03367003367003367,0.12121212121212122,0.003367003367003367,0.0016835016835016834,0.2558922558922559,0.0016835016835016834,0.003367003367003367,-1.0,0.0,-1.0,-1.0,21.73063973063973,207.18375361292567,0.0,2500.0,3354.3181313131313,42570.01742199521,0.0,720000.0,0.0,0.0,0.0,0.0,0.0,0.0,0,0,2708721.648310687,7252234.600833318,0.0,56888758.0
80,Conjoint ( e ),0.5118858954041204,Chrétien,0.7099841521394612,BAOULE,0.312202852614897,Cote d'ivoire,0.8684627575277337,Aucun,0.6481774960380349,Aucun,0.7543581616481775,Aucun,0.9952456418383518,Aucun,0.7591125198098256,Aucun,0.9413629160063391,Occupe,0.4976228209191759,Occupe,0.5039619651347068,Agriculture,0.5974643423137876,Entreprise Privée,0.7828843106180665,Travailleur pour compte propre,0.4532488114104596,Non connu,0.866877971473851,Non connu,0.866877971473851,Pas de consultation,0.8225039619651348,Pas de consultation,0.8225039619651348,35-44,0.3518225039619651,Proprietaire sans titre,0.45800316957210774,0.9968304278922345,0.3518225039619651,0.24564183835182252,0.1774960380348653,0.042789223454833596,0.006339144215530904,0.1664025356576862,0.05388272583201268,0.23613312202852615,0.23613312202852615,0.004754358161648178,0.13312202852614896,0.5863708399366085,0.05229793977812995,0.006339144215530904,0.23613312202852615,0.3993660855784469,0.49128367670364503,0.27099841521394613,0.2329635499207607,0.014263074484944533,0.0491283676703645,0.006339144215530904,0.011093502377179081,0.12044374009508717,0.003169572107765452,0.009508716323296355,14.822503961965134,10.460972096907915,-1.0,48.0,803.554675118859,988.0535971771851,0.0,3600.0,43329.42031695721,194080.44324278116,0.0,2080000.0,76.6148969889065,247.25578112864616,0.0,1656.0,5892.234548335975,62089.7541831394,0,900000,9189457.432949366,100990501.89209245,0.0,1989234560.0
81,"Fils, Fille",0.6229216152019003,Musulman,0.5148456057007126,Inconnue,0.16983372921615203,Cote d'ivoire,0.830166270783848,Aucun,0.8242280285035629,Aucun,0.8984560570071259,Aucun,0.336104513064133,Second. gl 1,0.3752969121140142,Aucun,0.49584323040380046,Inactif,0.7381235154394299,Non occupe,0.747624703087886,Non connu,0.747624703087886,Non connu,0.747624703087886,Non connu,0.747624703087886,Non connu,0.9881235154394299,Non connu,0.9881235154394299,Pas de consultation,0.9180522565320665,Pas de consultation,0.9180522565320665,0-17,0.7238717339667459,Proprietaire titre,0.3497624703087886,0.9839667458432304,0.17577197149643706,0.10154394299287411,0.08194774346793349,0.013657957244655582,0.023752969121140142,0.05938242280285035,0.016033254156769598,0.8087885985748219,0.8058194774346793,0.663895486935867,0.011876484560570071,0.2986935866983373,0.1502375296912114,0.023752969121140142,0.8087885985748219,0.6852731591448931,0.7790973871733967,0.15558194774346792,0.5492874109263658,0.040380047505938245,0.18705463182897863,0.026128266033254157,0.030878859857482184,0.30581947743467935,0.021377672209026127,0.033847980997624705,-0.9388361045130641,1.1362079823619071,-1.0,24.0,240.80221342042753,723.7439535275755,0.0,4500.0,64014.19834916864,274218.15871632507,0.0,3120000.0,6.110451306413301,70.14216721870847,0.0,1320.0,1014.2517814726841,20644.569550021417,0,600000,26908124.631851558,543073395.0484082,0.0,20931702900.84668
82,"Fils, Fille",0.9424083769633508,Musulman,0.6335078534031413,SENOUFO,0.6832460732984293,Cote d'ivoire,0.9424083769633508,Aucun,0.7120418848167539,Aucun,0.8429319371727748,Aucun,0.7905759162303665,Aucun,0.7460732984293194,Aucun,0.9502617801047121,Inactif,0.5052356020942408,Non occupe,0.5078534031413613,Non connu,0.7801047120418848,Non connu,0.7801047120418848,Non connu,0.7801047120418848,Non connu,0.9712041884816754,Non connu,0.9712041884816754,Pas de consultation,0.8115183246073299,Pas de consultation,0.8115183246073299,0-17,0.9083769633507853,Proprietaire sans titre,0.4319371727748691,0.9921465968586387,0.2879581151832461,0.15706806282722513,0.18848167539267016,0.0,0.013089005235602094,0.020942408376963352,0.007853403141361256,0.23821989528795812,0.23821989528795812,0.2094240837696335,0.028795811518324606,0.07591623036649214,0.007853403141361256,0.013089005235602094,0.23821989528795812,0.6701570680628273,0.7984293193717278,0.1387434554973822,0.3507853403141361,0.0,0.060209424083769635,0.0,0.002617801047120419,0.1387434554973822,0.002617801047120419,0.002617801047120419,-1.0,0.0,-1.0,-1.0,65.07853403141361,377.0382843054085,0.0,3000.0,16132.55285340314,112621.90524005149,0.0,1200000.0,13.664921465968586,88.67287947094283,0.0,720.0,4256.544502617801,53128.350964594916,0,810000,2788238792.354906,17036671303.379137,0.0,161412694030.5793
83,"Fils, Fille",0.6342105263157894,Musulman,0.5052631578947369,YACOUBA OU DAN,0.43157894736842106,Cote d'ivoire,0.9263157894736842,Aucun,0.8052631578947368,Aucun,0.8789473684210526,Aucun,0.5078947368421053,Aucun,0.42105263157894735,Aucun,0.7289473684210527,Inactif,0.6973684210526315,Non occupe,0.6973684210526315,Non connu,0.9315789473684211,Non connu,0.9315789473684211,Non connu,0.9315789473684211,Non connu,1.0,Non connu,1.0,Pas de consultation,0.8842105263157894,Pas de consultation,0.8842105263157894,0-17,0.868421052631579,Locataire,0.3684210526315789,0.9947368421052631,0.19473684210526315,0.12105263157894737,0.11578947368421053,0.010526315789473684,0.02368421052631579,0.02368421052631579,0.007894736842105263,0.531578947368421,0.5157894736842106,0.4921052631578947,0.0,0.10789473684210527,0.05,0.02368421052631579,0.531578947368421,0.6368421052631579,0.8657894736842106,0.07368421052631578,0.6236842105263158,0.05,0.22631578947368422,0.031578947368421054,0.013157894736842105,0.27631578947368424,0.015789473684210527,0.018421052631578946,-0.8368421052631579,1.8347885720951806,-1.0,21.0,81.15,437.0804387003142,0.0,3025.0,3151.915789473684,42628.133468784064,0.0,775728.0,0.0,0.0,0.0,0.0,0.0,0.0,0,0,548962.0739296577,3246339.3264145055,0.0,29381187.0
84,"Fils, Fille",0.8436911487758946,Musulman,0.4209039548022599,MALINKE OU MANINKA,0.2297551789077213,Cote d'ivoire,0.864406779661017,Aucun,0.7523540489642184,Aucun,0.8418079096045198,Aucun,0.6468926553672316,Aucun,0.5743879472693032,Aucun,0.943502824858757,Inactif,0.5856873822975518,Non occupe,0.5847457627118644,Non connu,0.8907721280602636,Non connu,0.8907721280602636,Non connu,0.8907721280602636,Non connu,0.9981167608286252,Non connu,0.9981167608286252,Pas de consultation,0.8455743879472694,Pas de consultation,0.8455743879472694,0-17,0.9472693032015066,Proprietaire sans titre,0.6581920903954802,0.9971751412429378,0.24764595103578155,0.15819209039548024,0.1544256120527307,0.017890772128060263,0.015065913370998116,0.01694915254237288,0.007532956685499058,0.3644067796610169,0.3455743879472693,0.3531073446327684,0.0018832391713747645,0.031073446327683617,0.009416195856873822,0.015065913370998116,0.3644067796610169,0.4387947269303202,0.4868173258003766,0.3192090395480226,0.2871939736346516,0.01694915254237288,0.06685499058380415,0.009416195856873822,0.003766478342749529,0.15160075329566855,0.011299435028248588,0.002824858757062147,-1.0,0.0,-1.0,-1.0,32.164783427495294,238.71387279729134,0.0,3000.0,1495.3339548022598,30833.959155809465,0.0,858000.0,0.3531073446327684,8.886793765816622,0.0,270.0,0.0,0.0,0,0,2068235.640651716,7283873.616267469,0.0,93898324.0
85,Chef de ménage,0.9673321234119783,Musulman,0.5051421657592257,Inconnue,0.2335148215366001,Cote d'ivoire,0.7652752571082879,Aucun,0.7217180883242589,Aucun,0.7979431336963098,Aucun,0.9969751966122202,Aucun,0.6001209921355112,Aucun,0.8076225045372051,Occupe,0.9588626739261948,Occupe,0.9600725952813067,Agriculture,0.7931034482758621,Entreprise Privée,0.9630973986690865,Travailleur pour compte propre,0.7900786448880823,Non connu,0.7301875378100423,Non connu,0.7301875378100423,Pas de consultation,0.8179068360556564,Pas de consultation,0.8179068360556564,35-44,0.5178463399879008,Proprietaire sans titre,0.4652147610405324,1.0,0.27828191167574107,0.20205686630369027,0.1820931639443436,0.0411373260738052,0.045372050816696916,0.09921355111917725,0.018148820326678767,0.4482758620689655,0.44101633393829404,0.0030248033877797943,0.26981246218995764,0.9891107078039928,0.32304900181488205,0.045372050816696916,0.4482758620689655,0.397459165154265,0.5051421657592257,0.37326073805202664,0.35934664246823955,0.013309134906231096,0.055051421657592255,0.011494252873563218,0.010889292196007259,0.2075015124016939,0.0024198427102238356,0.04900181488203267,23.528130671506354,4.255458104913324,14.0,39.0,1863.12396538415,853.8824465017975,0.0,3600.0,233103.52722323049,753832.1709753142,0.0,9900000.0,148.68481548699336,313.5014884912674,0.0,1728.0,28885.490623109497,182311.6611255511,0,4000000,12819823.704296425,138151495.48286715,0.0,2637489667.36821
86,"Fils, Fille",0.6546052631578947,Chrétien,0.47368421052631576,BAOULE,0.631578947368421,Cote d'ivoire,0.9243421052631579,Aucun,0.7697368421052632,Aucun,0.8914473684210527,Aucun,0.555921052631579,Primaire,0.4769736842105263,Aucun,0.8980263157894737,Inactif,0.6644736842105263,Non occupe,0.6644736842105263,Non connu,0.9177631578947368,Non connu,0.9177631578947368,Non connu,0.9177631578947368,Non connu,1.0,Non connu,1.0,Pas de consultation,0.8223684210526315,Pas de consultation,0.8223684210526315,0-17,0.9210526315789473,Proprietaire sans titre,0.6776315789473685,0.993421052631579,0.23026315789473684,0.10855263157894737,0.17763157894736842,0.009868421052631578,0.009868421052631578,0.023026315789473683,0.009868421052631578,0.5098684210526315,0.4934210526315789,0.4440789473684211,0.0,0.06907894736842106,0.013157894736842105,0.009868421052631578,0.5098684210526315,0.39144736842105265,0.569078947368421,0.19736842105263158,0.23684210526315788,0.006578947368421052,0.05263157894736842,0.0,0.0,0.1611842105263158,0.0,0.006578947368421052,-0.8519736842105263,1.8260480654295468,-1.0,23.0,73.27302631578948,387.7707989745305,0.0,3000.0,7775.583256578948,78113.58699942808,0.0,840000.0,0.0,0.0,0.0,0.0,0.0,0.0,0,0,3615222.1895749616,10203543.28338813,0.0,60427260.0
87,"Fils, Fille",0.7904328018223234,Chrétien,0.5034168564920274,Inconnue,0.3120728929384966,Cote d'ivoire,0.6879271070615034,Aucun,0.8701594533029613,Aucun,0.9271070615034168,Aucun,0.6127562642369021,Aucun,0.49658314350797267,Aucun,0.9157175398633257,Inactif,0.6537585421412301,Non occupe,0.6560364464692483,Non connu,0.9020501138952164,Non connu,0.9020501138952164,Non connu,0.9020501138952164,Non connu,0.9977220956719818,Non connu,0.9977220956719818,Pas de consultation,0.9020501138952164,Pas de consultation,0.9020501138952164,0-17,0.9111617312072893,Proprietaire sans titre,0.5535307517084282,0.9954441913439636,0.12984054669703873,0.07289293849658314,0.0979498861047836,0.011389521640091117,0.01366742596810934,0.018223234624145785,0.01366742596810934,0.428246013667426,0.4191343963553531,0.3917995444191344,0.002277904328018223,0.07517084282460136,0.01366742596810934,0.01366742596810934,0.428246013667426,0.1571753986332574,0.19134396355353075,0.6332574031890661,0.2528473804100228,0.00683371298405467,0.02050113895216401,0.00683371298405467,0.011389521640091117,0.14350797266514806,0.0,0.004555808656036446,-1.0,0.0,-1.0,-1.0,70.93394077448747,393.108386311934,0.0,3000.0,2790.362619589977,41927.74211036601,0.0,720000.0,0.7107061503416856,14.890947548984446,0.0,312.0,0.0,0.0,0,0,1863262.172758177,5019646.696595379,0.0,33663918.87821011
88,Conjoint ( e ),0.8309070548712206,Chrétien,0.42105263157894735,BAOULE,0.2284434490481523,Cote d'ivoire,0.8533034714445689,Aucun,0.6326987681970885,Aucun,0.7502799552071668,Aucun,1.0,Aucun,0.896976483762598,Aucun,0.9776035834266518,TF cherchant pas,0.3964165733482643,Trav. fam.,0.3997760358342665,Agriculture,0.6438969764837627,Entreprise Privée,0.70996640537514,Travailleur Familial contribuant pour une entreprise familial,0.3762597984322508,Non connu,0.9451287793952967,Non connu,0.9451287793952967,Pas de consultation,0.793952967525196,Pas de consultation,0.793952967525196,55-64,0.47256438969764836,Proprietaire sans titre,0.6226203807390818,0.9955207166853304,0.3673012318029115,0.24972004479283313,0.20604703247480402,0.03919372900335946,0.010078387458006719,0.38633818589025753,0.13773796192609183,0.10078387458006718,0.09854423292273236,0.0,0.054871220604703244,0.4658454647256439,0.011198208286674132,0.010078387458006719,0.10078387458006718,0.46248600223964165,0.5319148936170213,0.28331466965285557,0.25083986562150057,0.013437849944008958,0.03807390817469205,0.004479283314669653,0.0,0.12206047032474804,0.0033594624860022394,0.0,21.103023516237403,5.838495436727945,12.0,70.0,468.20044792833147,792.0686977044397,0.0,3600.0,13741.408409854424,91653.19642206382,0.0,801596.25,32.452407614781634,164.1582730039953,0.0,1560.0,4501.679731243001,98908.29679205574,0,2880000,27955221.368104838,267360937.22387567,0.0,4599663808.0
89,"Fils, Fille",0.6096654275092936,Chrétien,0.6877323420074349,AGNI,0.7620817843866171,Cote d'ivoire,0.9182156133828996,Aucun,0.7397769516728625,Aucun,0.828996282527881,Aucun,0.550185873605948,Primaire,0.44609665427509293,Aucun,0.8587360594795539,Inactif,0.6356877323420075,Non occupe,0.6356877323420075,Non connu,0.8698884758364313,Non connu,0.8698884758364313,Non connu,0.8698884758364313,Non connu,0.9925650557620818,Non connu,0.9925650557620818,Pas de consultation,0.7843866171003717,Pas de consultation,0.7843866171003717,0-17,0.8587360594795539,Proprietaire sans titre,0.5390334572490706,0.9851301115241635,0.26022304832713755,0.17100371747211895,0.21561338289962825,0.022304832713754646,0.0,0.022304832713754646,0.0037174721189591076,0.5539033457249071,0.5539033457249071,0.44981412639405205,0.007434944237918215,0.09665427509293681,0.03717472118959108,0.0,0.5539033457249071,0.6617100371747212,0.7769516728624535,0.048327137546468404,0.37174721189591076,0.04460966542750929,0.10780669144981413,0.01858736059479554,0.026022304832713755,0.241635687732342,0.01858736059479554,0.0,-0.8252788104089219,2.0340277886767004,-1.0,25.0,106.89219330855019,448.7655118243907,0.0,3000.0,25734.955762081783,211585.41295919032,0.0,3120000.0,2.4312267657992566,38.43418379434108,0.0,630.0,1115.2416356877322,18291.322825490774,0,300000,8531052.164248768,14153436.787342971,0.0,66506150.0
90,"Fils, Fille",0.667953667953668,Musulman,0.4980694980694981,AGNI,0.22393822393822393,Cote d'ivoire,0.8301158301158301,Aucun,0.7297297297297297,Aucun,0.833976833976834,Aucun,0.4749034749034749,Aucun,0.41312741312741313,Aucun,0.7065637065637066,Inactif,0.6833976833976834,Non occupe,0.6872586872586872,Non connu,0.9459459459459459,Non connu,0.9459459459459459,Non connu,0.9459459459459459,Non connu,1.0,Non connu,1.0,Pas de consultation,0.8301158301158301,Pas de consultation,0.8301158301158301,0-17,0.9073359073359073,Locataire,0.4594594594594595,1.0,0.2702702702702703,0.16602316602316602,0.16988416988416988,0.023166023166023165,0.03474903474903475,0.03088803088803089,0.003861003861003861,0.583011583011583,0.5791505791505791,0.525096525096525,0.0,0.10810810810810811,0.09266409266409266,0.03474903474903475,0.583011583011583,0.8416988416988417,0.9073359073359073,0.08108108108108109,0.8223938223938224,0.08494208494208494,0.2277992277992278,0.05791505791505792,0.05019305019305019,0.5714285714285714,0.03474903474903475,0.015444015444015444,-1.0,0.0,-1.0,-1.0,54.463320463320464,348.0586268977169,0.0,3000.0,5411.95583011583,60391.43794084018,0.0,902756.56,0.0,0.0,0.0,0.0,0.0,0.0,0,0,202450.7909064488,923574.4353559327,0.0,4925589.0
91,Chef de ménage,0.8446389496717724,Musulman,0.4048140043763676,BAOULE,0.23413566739606126,Cote d'ivoire,0.8161925601750547,Aucun,0.5514223194748359,Aucun,0.6717724288840262,Aucun,1.0,Aucun,0.87527352297593,Aucun,0.9540481400437637,Occupe,0.5754923413566739,Occupe,0.5776805251641138,Agriculture,0.5361050328227571,Entreprise Privée,0.5864332603938731,Travailleur pour compte propre,0.5404814004376368,Non connu,0.9387308533916849,Non connu,0.9387308533916849,Pas de consultation,0.7286652078774617,Pas de consultation,0.7286652078774617,65+,0.9912472647702407,Proprietaire sans titre,0.5339168490153173,0.9978118161925602,0.4485776805251641,0.3282275711159737,0.2713347921225383,0.07658643326039387,0.010940919037199124,0.6827133479212254,0.32603938730853393,0.175054704595186,0.175054704595186,0.0,0.061269146608315096,0.6105032822757112,0.02188183807439825,0.010940919037199124,0.175054704595186,0.4989059080962801,0.5601750547045952,0.212253829321663,0.20787746170678337,0.006564551422319475,0.0350109409190372,0.002188183807439825,0.0,0.10284463894967177,0.002188183807439825,0.00437636761487965,25.367614879649892,8.057120733737563,-1.0,50.0,961.1148645514223,1057.6434264571817,0.0,3600.0,17745.66658643326,151238.29317805788,0.0,1917772.0,35.072210065645514,163.6334600500636,0.0,1440.0,1540.4814004376367,25345.485648339865,0,504000,24996329.126216087,280523137.2884929,0.0,4599663808.0
92,Conjoint ( e ),0.9295238095238095,Musulman,0.6780952380952381,Inconnue,0.32095238095238093,Cote d'ivoire,0.679047619047619,Aucun,0.7361904761904762,Aucun,0.8371428571428572,Aucun,0.9971428571428571,Aucun,0.8133333333333334,Aucun,0.9380952380952381,Inactif,0.4142857142857143,Non occupe,0.4219047619047619,Non connu,0.4219047619047619,Entreprise Privée,0.5714285714285714,Non connu,0.4219047619047619,Non connu,0.9495238095238095,Non connu,0.9495238095238095,Pas de consultation,0.8428571428571429,Pas de consultation,0.8428571428571429,25-34,0.49238095238095236,Locataire,0.2638095238095238,1.0,0.2638095238095238,0.16285714285714287,0.15714285714285714,0.03142857142857143,0.008571428571428572,0.06095238095238095,0.01904761904761905,0.22,0.2180952380952381,0.002857142857142857,0.05047619047619047,0.6371428571428571,0.12857142857142856,0.008571428571428572,0.22,0.5571428571428572,0.68,0.23904761904761904,0.5342857142857143,0.017142857142857144,0.0838095238095238,0.01619047619047619,0.007619047619047619,0.24952380952380954,0.0038095238095238095,0.010476190476190476,19.50761904761905,3.9629407006384736,11.0,36.0,617.1356751428572,965.4967777209166,0.0,3600.0,34179.8478952381,157583.89837550165,0.0,2080000.0,21.335238095238097,110.40828119711969,0.0,1200.0,1779.6190476190477,34525.184074996796,0,960000,41938784.69080176,684039432.1366631,0.0,20931702900.84668
93,Chef de ménage,0.5521885521885522,Chrétien,0.7138047138047138,BAOULE,0.27946127946127947,Cote d'ivoire,0.9225589225589226,Aucun,0.6026936026936027,Aucun,0.7138047138047138,Aucun,0.9663299663299664,Aucun,0.30976430976430974,Aucun,0.5622895622895623,Occupe,0.7744107744107744,Occupe,0.7845117845117845,Agriculture,0.20875420875420875,Entreprise Privée,0.7912457912457912,Travailleur pour compte propre,0.42424242424242425,Non connu,0.8552188552188552,Non connu,0.8552188552188552,Pas de consultation,0.7474747474747475,Pas de consultation,0.7474747474747475,25-34,0.3872053872053872,Locataire,0.5488215488215489,0.9966329966329966,0.39730639730639733,0.28619528619528617,0.25252525252525254,0.06060606060606061,0.07744107744107744,0.20202020202020202,0.03367003367003367,0.7441077441077442,0.7407407407407407,0.03367003367003367,0.1447811447811448,0.9629629629629629,0.5117845117845118,0.07744107744107744,0.7441077441077442,0.7003367003367004,0.8080808080808081,0.14814814814814814,0.7037037037037037,0.09427609427609428,0.17845117845117844,0.1111111111111111,0.04377104377104377,0.4208754208754209,0.013468013468013467,0.17845117845117844,24.51851851851852,6.07224193540756,14.0,47.0,1433.0748655555556,1120.8023442372407,0.0,3960.0,442924.074006734,892642.6141838889,0.0,4960000.0,81.02356902356902,249.31733032298655,0.0,1680.0,22043.097643097644,136055.79251490426,0,1212000,39255.28052959184,471711.54517422465,0.0,5758084.0
94,"Fils, Fille",0.40307101727447214,Chrétien,0.5681381957773513,Inconnue,0.15163147792706333,Cote d'ivoire,0.8483685220729367,Aucun,0.7696737044145874,Aucun,0.8618042226487524,Aucun,0.7044145873320538,Second. gl 2,0.2092130518234165,Aucun,0.2629558541266795,Occupe,0.5163147792706334,Occupe,0.5201535508637236,Non connu,0.4472168905950096,Entreprise Privée,0.5124760076775432,Non connu,0.4472168905950096,Non connu,0.980806142034549,Non connu,0.980806142034549,Pas de consultation,0.8579654510556622,Pas de consultation,0.8579654510556622,25-34,0.3742802303262956,Locataire,0.5873320537428023,0.9904030710172744,0.23032629558541268,0.1381957773512476,0.1420345489443378,0.013435700575815739,0.08445297504798464,0.09404990403071017,0.026871401151631478,0.9213051823416507,0.9136276391554703,0.29558541266794625,0.019193857965451054,0.9213051823416507,0.7907869481765835,0.08445297504798464,0.9213051823416507,0.9174664107485605,0.9078694817658349,0.08829174664107485,0.8560460652591171,0.1765834932821497,0.5009596928982726,0.21689059500959693,0.21305182341650672,0.4952015355086372,0.12667946257197696,0.2053742802303263,0.0345489443378119,5.2494281957843745,-1.0,32.0,1050.7830556046065,1244.8252803508558,0.0,4500.0,644114.5869289828,1224696.6768099146,0.0,9600012.0,8.395393474088293,86.52721391544905,0.0,1680.0,4445.297504798465,69680.93066281706,0,1332000,0.0005758157475438548,0.007573645622413853,0.0,0.1000000014901161
95,"Fils, Fille",0.7573385518590998,Musulman,0.5753424657534246,Inconnue,0.22309197651663404,Cote d'ivoire,0.776908023483366,Aucun,0.7632093933463796,Aucun,0.8708414872798435,Aucun,0.4461839530332681,Aucun,0.3913894324853229,Aucun,0.7553816046966731,Inactif,0.7123287671232876,Non occupe,0.7123287671232876,Non connu,0.9549902152641878,Non connu,0.9549902152641878,Non connu,0.9549902152641878,Non connu,1.0,Non connu,1.0,Pas de consultation,0.8356164383561644,Pas de consultation,0.8356164383561644,0-17,0.8806262230919765,Locataire,0.46771037181996084,0.9921722113502935,0.23679060665362034,0.12915851272015655,0.1643835616438356,0.015655577299412915,0.025440313111545987,0.025440313111545987,0.003913894324853229,0.5518590998043053,0.5342465753424658,0.5538160469667319,0.0,0.10371819960861056,0.050880626223091974,0.025440313111545987,0.5518590998043053,0.7749510763209393,0.8277886497064579,0.12915851272015655,0.7025440313111546,0.015655577299412915,0.15655577299412915,0.03913894324853229,0.0136986301369863,0.42857142857142855,0.0,0.0136986301369863,-1.0,0.0,-1.0,-1.0,89.15068493150685,488.52458825320275,0.0,3744.0,7779.07240704501,87354.31966643062,0.0,1500000.0,0.0,0.0,0.0,0.0,0.0,0.0,0,0,184635.84680742444,738894.6640674922,0.0,3565831.5
96,"Fils, Fille",0.8120300751879699,Musulman,0.5413533834586466,Inconnue,0.4548872180451128,Cote d'ivoire,0.5451127819548872,Aucun,0.7744360902255639,Aucun,0.8646616541353384,Aucun,0.650375939849624,Aucun,0.5827067669172933,Aucun,0.9586466165413534,Inactif,0.6165413533834586,Non occupe,0.6165413533834586,Non connu,0.8834586466165414,Non connu,0.8834586466165414,Non connu,0.8834586466165414,Non connu,0.9887218045112782,Non connu,0.9887218045112782,Pas de consultation,0.868421052631579,Pas de consultation,0.868421052631579,0-17,0.9135338345864662,Proprietaire sans titre,0.4548872180451128,0.9887218045112782,0.22556390977443608,0.13533834586466165,0.13157894736842105,0.03007518796992481,0.007518796992481203,0.041353383458646614,0.011278195488721804,0.39097744360902253,0.38721804511278196,0.34962406015037595,0.011278195488721804,0.07518796992481203,0.007518796992481203,0.007518796992481203,0.39097744360902253,0.556390977443609,0.5714285714285714,0.20300751879699247,0.4849624060150376,0.03759398496240601,0.09398496240601503,0.0037593984962406013,0.0037593984962406013,0.37218045112781956,0.0,0.011278195488721804,-1.0,0.0,-1.0,-1.0,96.6390977443609,427.9486803714151,0.0,3000.0,8248.212406015038,67194.77569797459,0.0,618428.06,7.834586466165414,77.2526539033538,0.0,1008.0,6165.413533834587,87036.94123120906,0,1400000,4004208.9353579707,10067429.976253089,0.0,55614651.0
